Billing Cycle,Enterprise Project,Enterprise Project ID,PayerAccount Name,Account Name,Service Type Code,Service Type,Resource Type Code,Resource Type,Product ID,Billing Mode,Bill Type,Resource ID,Resource Name,Resource Tag,SKU Code,Resource Specifications,Region Code,Region,AZ,Usage Type Code,Usage Type,Unit Price (USD),Unit,Usage,Usage Unit,Package Usage,Usage Type in Reserved Instances,List Price (USD),Discount (USD),Amount (USD),Cash Payment (USD),Cash Coupon Used (USD),Flexi-Purchase Coupon Used (USD),Monthly Settlement (USD),Written Off (USD),Order No./Transaction No.,Start Time,End Time,Spot Instance,Sub-resource ID,Sub-resource Name,Sub-resource Product Type,Sub-resource Product,Discount Type,Discount Subtype,Total Usage (Pricing Unit),Usage Unit (for Pricing),Package Usage (Pricing Unit),Usage in Reserved Instances (Pricing Unit),Conversion Factor,Combined Order No.,Amount Deducted from Savings Plan (USD),Savings Plan,Savings Plan Discount,Payment Option,Hourly Commitment (USD)
"Mar 2026","default","0","garudaku_topup","garudaku_topup","hws.service.type.vpc","Virtual Private Cloud","hws.resource.type.ip","Elastic IP Address","00301-51331-0--0","Pay-per-Use","Expenditure-use","ca1be814-c7af-4895-98de-b34d6075c10d","111.119.208.235","_sys_as_managed:true;","5_bgp","Public IP address","ap-southeast-3","AP-Singapore","AZ1","duration","Duration","0.005","Dollar/Hour","25.000000","Second","0","0","0.00003472","0.00","0.00003472","0.00","0.00","0.00","0.00003472","0.00",--,"03/13/2026 14:33:01 GMT+08:00","03/13/2026 14:33:26 GMT+08:00","N",--,--,--,--,--,--,"0.0069444444","Hour","0","0","3600",--,--,--,--,--,--
"Mar 2026","default","0","garudaku_topup","garudaku_topup","hws.service.type.vpc","Virtual Private Cloud","hws.resource.type.ip","Elastic IP Address","00301-51331-0--0","Pay-per-Use","Expenditure-use","7aecd311-1e38-4257-9ef2-8b6594ba691e","94.74.88.191","_sys_as_managed:true;","5_bgp","Public IP address","ap-southeast-3","AP-Singapore","AZ1","duration","Duration","0.005","Dollar/Hour","24.000000","Second","0","0","0.00003333","0.00","0.00003333","0.00","0.00","0.00","0.00003333","0.00",--,"03/11/2026 14:26:22 GMT+08:00","03/11/2026 14:26:46 GMT+08:00","N",--,--,--,--,--,--,"0.0066666666","Hour","0","0","3600",--,--,--,--,--,--
"Mar 2026","default","0","garudaku_topup","garudaku_topup","hws.service.type.vpc","Virtual Private Cloud","hws.resource.type.ip","Elastic IP Address","00301-51331-0--0","Pay-per-Use","Expenditure-use","1dff7e2e-5076-4b1a-b963-4fb9429670ee","188.239.59.248","_sys_as_managed:true;","5_bgp","Public IP address","ap-southeast-3","AP-Singapore","AZ1","duration","Duration","0.005","Dollar/Hour","24.000000","Second","0","0","0.00003333","0.00","0.00003333","0.00","0.00","0.00","0.00003333","0.00",--,"03/05/2026 18:16:02 GMT+08:00","03/05/2026 18:16:26 GMT+08:00","N",--,--,--,--,--,--,"0.0066666666","Hour","0","0","3600",--,--,--,--,--,--
"Mar 2026","default","0","garudaku_topup","garudaku_topup","hws.service.type.vpc","Virtual Private Cloud","hws.resource.type.ip","Elastic IP Address","00301-51331-0--0","Pay-per-Use","Expenditure-use","0f96bc38-7a38-4c00-bfe5-af28179caa20","188.239.48.245","_sys_as_managed:true;","5_bgp","Public IP address","ap-southeast-3","AP-Singapore","AZ1","duration","Duration","0.005","Dollar/Hour","25.000000","Second","0","0","0.00003472","0.00","0.00003472","0.00","0.00","0.00","0.00003472","0.00",--,"03/13/2026 17:31:01 GMT+08:00","03/13/2026 17:31:26 GMT+08:00","N",--,--,--,--,--,--,"0.0069444444","Hour","0","0","3600",--,--,--,--,--,--
"Mar 2026","default","0","garudaku_topup","garudaku_topup","hws.service.type.vpc","Virtual Private Cloud","hws.resource.type.bandwidth","Fixed Bandwidth","00301-51330-0--0","Pay-per-Use","Expenditure-use","fcbe29f9-c683-4a50-92f5-6fa84a90fa82","as-config-worker-store-20241030-001-NGW0CNQ7-bandwidth-0d0e",--,"12_bgp","Dynamic BGP|Traffic Bandwidth","ap-southeast-3","AP-Singapore","AZ1","upflow","Upstream bandwidth","0.114","Dollar/GB","298291616822.000000","Byte","0","0","31.66984793","0.00","31.66984793","0.00","0.00","0.00","31.66984793","0.00",--,"03/01/2026 00:00:00 GMT+08:00","04/01/2026 00:00:00 GMT+08:00","N",--,--,--,--,--,--,"277.8057165648","GB","0","0","1073741824",--,--,--,--,--,--
"Mar 2026","default","0","garudaku_topup","garudaku_topup","hws.service.type.vpc","Virtual Private Cloud","hws.resource.type.bandwidth","Fixed Bandwidth","00301-51330-0--0","Pay-per-Use","Expenditure-use","db247a54-260c-44bd-8936-2b207110becc","bandwidth-f121",--,"12_bgp","Dynamic BGP|Traffic Bandwidth","ap-southeast-3","AP-Singapore","AZ1","upflow","Upstream bandwidth","0.114","Dollar/GB","342937161543.000000","Byte","0","0","36.40990005","0.00","36.40990005","0.00","0.00","0.00","36.40990005","0.00",--,"03/01/2026 00:00:00 GMT+08:00","04/01/2026 00:00:00 GMT+08:00","N",--,--,--,--,--,--,"319.3851202195","GB","0","0","1073741824",--,--,--,--,--,--
"Mar 2026","default","0","garudaku_topup","garudaku_topup","hws.service.type.vpc","Virtual Private Cloud","hws.resource.type.bandwidth","Fixed Bandwidth","00301-51330-0--0","Pay-per-Use","Expenditure-use","cfe8b0d5-84d8-44ba-a321-ab25da223dd9","as-config-topup-api_20260223-002-2B0GGXVC-bandwidth-30b6","_sys_as_managed:true;","12_bgp","Dynamic BGP|Traffic Bandwidth","ap-southeast-3","AP-Singapore","AZ1","upflow","Upstream bandwidth","0.114","Dollar/GB","205643171.000000","Byte","0","0","0.02183272","0.00","0.02183272","0.00","0.00","0.00","0.02183272","0.00",--,"03/01/2026 00:00:00 GMT+08:00","03/05/2026 19:00:00 GMT+08:00","N",--,--,--,--,--,--,"0.1915201274","GB","0","0","1073741824",--,--,--,--,--,--
"Mar 2026","default","0","garudaku_topup","garudaku_topup","hws.service.type.vpc","Virtual Private Cloud","hws.resource.type.bandwidth","Fixed Bandwidth","00301-51330-0--0","Pay-per-Use","Expenditure-use","c843b4c2-c209-433d-a0f7-54942819c13b","WHITELIST-SERVER-bandwidth-8967",--,"12_bgp","Dynamic BGP|Traffic Bandwidth","ap-southeast-3","AP-Singapore","AZ1","upflow","Upstream bandwidth","0.114","Dollar/GB","13697583069.000000","Byte","0","0","1.45427928","0.00","1.45427928","0.00","0.00","0.00","1.45427928","0.00",--,"03/01/2026 00:00:00 GMT+08:00","04/01/2026 00:00:00 GMT+08:00","N",--,--,--,--,--,--,"12.7568683298","GB","0","0","1073741824",--,--,--,--,--,--
"Mar 2026","default","0","garudaku_topup","garudaku_topup","hws.service.type.vpc","Virtual Private Cloud","hws.resource.type.bandwidth","Fixed Bandwidth","00301-51330-0--0","Pay-per-Use","Expenditure-use","ab2fa22c-cb0e-411b-9974-0b04022ad32e","bandwidth-db-backend",--,"12_bgp","Dynamic BGP|Traffic Bandwidth","ap-southeast-3","AP-Singapore","AZ1","upflow","Upstream bandwidth","0.114","Dollar/GB","231445617623.000000","Byte","0","0","24.57275641","0.00","24.57275641","0.00","0.00","0.00","24.57275641","0.00",--,"03/01/2026 00:00:00 GMT+08:00","04/01/2026 00:00:00 GMT+08:00","N",--,--,--,--,--,--,"215.5505284881","GB","0","0","1073741824",--,--,--,--,--,--
"Mar 2026","default","0","garudaku_topup","garudaku_topup","hws.service.type.vpc","Virtual Private Cloud","hws.resource.type.bandwidth","Fixed Bandwidth","00301-51330-0--0","Pay-per-Use","Expenditure-use","9bf565d9-c7eb-4ac4-adae-b52c56c8f3a6","ecs-master-ssr-bandwidth-e090",--,"12_bgp","Dynamic BGP|Traffic Bandwidth","ap-southeast-3","AP-Singapore","AZ1","upflow","Upstream bandwidth","0.114","Dollar/GB","32375615739.000000","Byte","0","0","3.43734075","0.00","3.43734075","0.00","0.00","0.00","3.43734075","0.00",--,"03/04/2026 11:00:00 GMT+08:00","04/01/2026 00:00:00 GMT+08:00","N",--,--,--,--,--,--,"30.1521418048","GB","0","0","1073741824",--,--,--,--,--,--
"Mar 2026","default","0","garudaku_topup","garudaku_topup","hws.service.type.vpc","Virtual Private Cloud","hws.resource.type.bandwidth","Fixed Bandwidth","00301-51330-0--0","Pay-per-Use","Expenditure-use","56397a91-d0ac-428d-99bc-58f70d275378","Development-Server-bandwidth-c99f",--,"12_bgp","Dynamic BGP|Traffic Bandwidth","ap-southeast-3","AP-Singapore","AZ1","upflow","Upstream bandwidth","0.114","Dollar/GB","209912258012.000000","Byte","0","0","22.286543","0.00","22.286543","0.00","0.00","0.00","22.286543","0.00",--,"03/01/2026 00:00:00 GMT+08:00","04/01/2026 00:00:00 GMT+08:00","N",--,--,--,--,--,--,"195.496024575","GB","0","0","1073741824",--,--,--,--,--,--
"Mar 2026","default","0","garudaku_topup","garudaku_topup","hws.service.type.vpc","Virtual Private Cloud","hws.resource.type.bandwidth","Fixed Bandwidth","00301-51330-0--0","Pay-per-Use","Expenditure-use","41656caf-4b3d-4cca-8c00-75283ece110e","bandwidth-rds",--,"12_bgp","Dynamic BGP|Traffic Bandwidth","ap-southeast-3","AP-Singapore","AZ1","upflow","Upstream bandwidth","0.114","Dollar/GB","922639432.000000","Byte","0","0","0.0979535","0.00","0.0979535","0.00","0.00","0.00","0.0979535","0.00",--,"03/01/2026 00:00:00 GMT+08:00","04/01/2026 00:00:00 GMT+08:00","N",--,--,--,--,--,--,"0.8592749312","GB","0","0","1073741824",--,--,--,--,--,--
"Mar 2026","default","0","garudaku_topup","garudaku_topup","hws.service.type.vpc","Virtual Private Cloud","hws.resource.type.bandwidth","Fixed Bandwidth","00301-51330-0--0","Pay-per-Use","Expenditure-use","3cf9bdb5-5d32-4971-b456-201779eb3a06","as-config-topup-api_20250121-002-205X2GP5-bandwidth-68ec",--,"12_bgp","Dynamic BGP|Traffic Bandwidth","ap-southeast-3","AP-Singapore","AZ1","upflow","Upstream bandwidth","0.114","Dollar/GB","1435635760.000000","Byte","0","0","0.15241888","0.00","0.15241888","0.00","0.00","0.00","0.15241888","0.00",--,"03/01/2026 00:00:00 GMT+08:00","04/01/2026 00:00:00 GMT+08:00","N",--,--,--,--,--,--,"1.3370399922","GB","0","0","1073741824",--,--,--,--,--,--
"Mar 2026","default","0","garudaku_topup","garudaku_topup","hws.service.type.vpc","Virtual Private Cloud","hws.resource.type.bandwidth","Fixed Bandwidth","00301-51330-0--0","Pay-per-Use","Expenditure-use","3831065b-05c4-40e4-b5cf-37b495019a1f","as-config-topup-api_20260311-001-GPYSQ94Z-bandwidth-ff6a","_sys_as_managed:true;","12_bgp","Dynamic BGP|Traffic Bandwidth","ap-southeast-3","AP-Singapore","AZ1","upflow","Upstream bandwidth","0.114","Dollar/GB","2665086.000000","Byte","0","0","0.00028294","0.00","0.00028294","0.00","0.00","0.00","0.00028294","0.00",--,"03/13/2026 14:00:00 GMT+08:00","03/13/2026 18:00:00 GMT+08:00","N",--,--,--,--,--,--,"0.0024820547","GB","0","0","1073741824",--,--,--,--,--,--
"Mar 2026","default","0","garudaku_topup","garudaku_topup","hws.service.type.vpc","Virtual Private Cloud","hws.resource.type.bandwidth","Fixed Bandwidth","00301-51330-0--0","Pay-per-Use","Expenditure-use","2b51b7ae-e147-402d-9897-bc74fa631b3b","as-config-topup-api_20260310-001-D8TFP7L1-bandwidth-c2bf","_sys_as_managed:true;","12_bgp","Dynamic BGP|Traffic Bandwidth","ap-southeast-3","AP-Singapore","AZ1","upflow","Upstream bandwidth","0.114","Dollar/GB","66828811.000000","Byte","0","0","0.00709504","0.00","0.00709504","0.00","0.00","0.00","0.00709504","0.00",--,"03/11/2026 14:00:00 GMT+08:00","03/13/2026 15:00:00 GMT+08:00","N",--,--,--,--,--,--,"0.0622391803","GB","0","0","1073741824",--,--,--,--,--,--
"Mar 2026","default","0","garudaku_topup","garudaku_topup","hws.service.type.vpc","Virtual Private Cloud","hws.resource.type.bandwidth","Fixed Bandwidth","00301-51330-0--0","Pay-per-Use","Expenditure-use","21b41c56-3029-4b69-8c55-7e512a9d8e42","as-config-topup-api_20251002-001-1BMBTL88-bandwidth-07fa",--,"12_bgp","Dynamic BGP|Traffic Bandwidth","ap-southeast-3","AP-Singapore","AZ1","upflow","Upstream bandwidth","0.114","Dollar/GB","1820395701.000000","Byte","0","0","0.19326901","0.00","0.19326901","0.00","0.00","0.00","0.19326901","0.00",--,"03/01/2026 00:00:00 GMT+08:00","04/01/2026 00:00:00 GMT+08:00","N",--,--,--,--,--,--,"1.695375611","GB","0","0","1073741824",--,--,--,--,--,--
"Mar 2026","default","0","garudaku_topup","garudaku_topup","hws.service.type.vpc","Virtual Private Cloud","hws.resource.type.bandwidth","Fixed Bandwidth","00301-51330-0--0","Pay-per-Use","Expenditure-use","1aa76249-d556-4994-a6a3-24410e0f8027","as-config-topup-api_20260223-002-001-GJAY5VXZ-bandwidth-984d","_sys_as_managed:true;","12_bgp","Dynamic BGP|Traffic Bandwidth","ap-southeast-3","AP-Singapore","AZ1","upflow","Upstream bandwidth","0.114","Dollar/GB","175752526.000000","Byte","0","0","0.0186591","0.00","0.0186591","0.00","0.00","0.00","0.0186591","0.00",--,"03/05/2026 17:00:00 GMT+08:00","03/11/2026 15:00:00 GMT+08:00","N",--,--,--,--,--,--,"0.163682295","GB","0","0","1073741824",--,--,--,--,--,--
"Mar 2026","default","0","garudaku_topup","garudaku_topup","hws.service.type.vpc","Virtual Private Cloud","hws.resource.type.bandwidth","Fixed Bandwidth","00301-51330-0--0","Pay-per-Use","Expenditure-use","13af839b-f157-464d-b2de-d33180a2eec6","as-config-topup-api_20260313-001-IX3MH77J-bandwidth-a0bd","_sys_as_managed:true;","12_bgp","Dynamic BGP|Traffic Bandwidth","ap-southeast-3","AP-Singapore","AZ1","upflow","Upstream bandwidth","0.114","Dollar/GB","1318008339.000000","Byte","0","0","0.13993165","0.00","0.13993165","0.00","0.00","0.00","0.13993165","0.00",--,"03/13/2026 17:00:00 GMT+08:00","04/01/2026 00:00:00 GMT+08:00","N",--,--,--,--,--,--,"1.2274909196","GB","0","0","1073741824",--,--,--,--,--,--
"Mar 2026","default","0","garudaku_topup","garudaku_topup","hws.service.type.vpc","Virtual Private Cloud","hws.resource.type.bandwidth","Fixed Bandwidth","00301-51330-0--0","Pay-per-Use","Expenditure-use","0fbae067-2f7e-451d-9706-a9ab55bde6bc","platform-bandwidth-3581",--,"12_bgp","Dynamic BGP|Traffic Bandwidth","ap-southeast-3","AP-Singapore","AZ1","upflow","Upstream bandwidth","0.114","Dollar/GB","3105224765.000000","Byte","0","0","0.32968038","0.00","0.32968038","0.00","0.00","0.00","0.32968038","0.00",--,"03/01/2026 00:00:00 GMT+08:00","04/01/2026 00:00:00 GMT+08:00","N",--,--,--,--,--,--,"2.8919659228","GB","0","0","1073741824",--,--,--,--,--,--
"Mar 2026","default","0","garudaku_topup","garudaku_topup","hws.service.type.vpc","Virtual Private Cloud","hws.resource.type.bandwidth","Fixed Bandwidth","00301-51330-0--0","Pay-per-Use","Expenditure-use","0d787875-2a0d-42d5-96c9-f821564fe969","bandwidth-f22d",--,"12_bgp","Dynamic BGP|Traffic Bandwidth","ap-southeast-3","AP-Singapore","AZ1","upflow","Upstream bandwidth","0.114","Dollar/GB","16365992.000000","Byte","0","0","0.00173389","0.00","0.00173389","0.00","0.00","0.00","0.00173389","0.00",--,"03/01/2026 00:00:00 GMT+08:00","04/01/2026 00:00:00 GMT+08:00","N",--,--,--,--,--,--,"0.0152420178","GB","0","0","1073741824",--,--,--,--,--,--
"Mar 2026","default","0","garudaku_topup","garudaku_topup","hws.service.type.rds","Relational Database Service","hws.resource.type.rds.volume","RDS Elastic Volume Service","OFFI591531463913160712","Pay-per-Use","Expenditure-use","e7870525ab2a4389a5bbae250ba6962bin01.volume","rds-topup",--,"rds.mysql.volume.cloudssd.ha","RDS Primary|Standby Storage|Cloud SSD|1300GB","ap-southeast-3","AP-Singapore","AZ1,AZ5","Duration","Duration","0.00056","Dollar/GB/Hour","2678400.000000","Second","0","0","541.632","0.00","541.632","0.00","0.00","0.00","541.632","0.00",--,"03/01/2026 00:00:00 GMT+08:00","04/01/2026 00:00:00 GMT+08:00","N",--,--,--,--,--,--,"744","Hour","0","0","3600",--,--,--,--,--,--
"Mar 2026","default","0","garudaku_topup","garudaku_topup","hws.service.type.rds","Relational Database Service","hws.resource.type.rds.volume","RDS Elastic Volume Service","OFFI591531463913160709","Pay-per-Use","Expenditure-use","43a6a3a1221e48c3b6625e06292708e8in01.volume","khusus-worker",--,"rds.mysql.volume.cloudssd.rr","RDS Read Replica Storage|Cloud SSD|1560GB","ap-southeast-3","AP-Singapore","AZ1","Duration","Duration","0.00028","Dollar/GB/Hour","2678400.000000","Second","0","0","324.9792","0.00","324.9792","0.00","0.00","0.00","324.9792","0.00",--,"03/01/2026 00:00:00 GMT+08:00","04/01/2026 00:00:00 GMT+08:00","N",--,--,--,--,--,--,"744","Hour","0","0","3600",--,--,--,--,--,--
"Mar 2026","default","0","garudaku_topup","garudaku_topup","hws.service.type.rds","Relational Database Service","hws.resource.type.rds.volume","RDS Elastic Volume Service","OFFI591531463913160709","Pay-per-Use","Expenditure-use","1dd61e28f26d48dfa8f181e84d0c856din01.volume","khusus-front-2",--,"rds.mysql.volume.cloudssd.rr","RDS Read Replica Storage|Cloud SSD|1560GB","ap-southeast-3","AP-Singapore","AZ1","Duration","Duration","0.00028","Dollar/GB/Hour","3229.000000","Second","0","0","0.39178533","0.00","0.39178533","0.00","0.00","0.00","0.39178533","0.00",--,"03/31/2026 23:06:11 GMT+08:00","04/01/2026 00:00:00 GMT+08:00","N",--,--,--,--,--,--,"0.8969444444","Hour","0","0","3600",--,--,--,--,--,--
"Mar 2026","default","0","garudaku_topup","garudaku_topup","hws.service.type.rds","Relational Database Service","hws.resource.type.rds.volume","RDS Elastic Volume Service","OFFI591531463913160709","Pay-per-Use","Expenditure-use","1dd61e28f26d48dfa8f181e84d0c856din01.volume","khusus-front-2",--,"rds.mysql.volume.cloudssd.rr","RDS Read Replica Storage|Cloud SSD|1300GB","ap-southeast-3","AP-Singapore","AZ1","Duration","Duration","0.00028","Dollar/GB/Hour","2675171.000000","Second","0","0","270.48951222","0.00","270.48951222","0.00","0.00","0.00","270.48951222","0.00",--,"03/01/2026 00:00:00 GMT+08:00","03/31/2026 23:06:11 GMT+08:00","N",--,--,--,--,--,--,"743.1030555555","Hour","0","0","3600",--,--,--,--,--,--
"Mar 2026","default","0","garudaku_topup","garudaku_topup","hws.service.type.rds","Relational Database Service","hws.resource.type.rds.vm","RDS DB Instance VM","OFFI632173963969916940","Pay-per-Use","Expenditure-use","e7870525ab2a4389a5bbae250ba6962bin01.vm","rds-topup",--,"rds.mysql.x1.8xlarge.2.ha","MySQL HA|exclusivessd|32vCPUs|64GB","ap-southeast-3","AP-Singapore","AZ1,AZ5","Duration","Duration","3.87","Dollar/Hour","2678400.000000","Second","0","0","2,879.28","0.00","2,879.28","0.00","0.00","0.00","2,879.28","0.00",--,"03/01/2026 00:00:00 GMT+08:00","04/01/2026 00:00:00 GMT+08:00","N",--,--,--,--,--,--,"744","Hour","0","0","3600",--,--,--,--,--,--
"Mar 2026","default","0","garudaku_topup","garudaku_topup","hws.service.type.rds","Relational Database Service","hws.resource.type.rds.vm","RDS DB Instance VM","OFFI591538060232146949","Pay-per-Use","Expenditure-use","43a6a3a1221e48c3b6625e06292708e8in01.vm","khusus-worker",--,"rds.mysql.x1.xlarge.4.rr","MySQL Readonly|exclusivessd|4vCPUs|16GB","ap-southeast-3","AP-Singapore","AZ1","Duration","Duration","0.295","Dollar/Hour","2678400.000000","Second","0","0","219.48","0.00","219.48","0.00","0.00","0.00","219.48","0.00",--,"03/01/2026 00:00:00 GMT+08:00","04/01/2026 00:00:00 GMT+08:00","N",--,--,--,--,--,--,"744","Hour","0","0","3600",--,--,--,--,--,--
"Mar 2026","default","0","garudaku_topup","garudaku_topup","hws.service.type.rds","Relational Database Service","hws.resource.type.rds.vm","RDS DB Instance VM","OFFI1102173225422766092","Pay-per-Use","Expenditure-use","1dd61e28f26d48dfa8f181e84d0c856din01.vm","khusus-front-2",--,"rds.mysql.x1-v2.xlarge.4.rr","MySQL|Read replica|Dedicated 2.0|4vCPUs|16GB","ap-southeast-3","AP-Singapore","AZ1","Duration","Duration","0.447","Dollar/Hour","2678400.000000","Second","0","0","332.568","0.00","332.568","0.00","0.00","0.00","332.568","0.00",--,"03/01/2026 00:00:00 GMT+08:00","04/01/2026 00:00:00 GMT+08:00","N",--,--,--,--,--,--,"744","Hour","0","0","3600",--,--,--,--,--,--
"Mar 2026","default","0","garudaku_topup","garudaku_topup","hws.service.type.rds","Relational Database Service","hws.resource.type.rds.instance","RDS Instance","00301-57344-0--0","Pay-per-Use","Expenditure-use","e7870525ab2a4389a5bbae250ba6962bin01","rds-topup",--,"rds.mysql.instance","rds|instance|Mysql","ap-southeast-3","AP-Singapore","AZ1,AZ5","architecture","architecture","0.00","Dollar/Number","744.000000","Number","0","0","0.00","0.00","0.00","0.00","0.00","0.00","0.00","0.00",--,"03/01/2026 00:00:00 GMT+08:00","04/01/2026 00:00:00 GMT+08:00","N",--,--,--,--,--,--,"744","Number","0","0","1",--,--,--,--,--,--
"Mar 2026","default","0","garudaku_topup","garudaku_topup","hws.service.type.rds","Relational Database Service","hws.resource.type.rds.instance","RDS Instance","00301-57344-0--0","Pay-per-Use","Expenditure-use","43a6a3a1221e48c3b6625e06292708e8in01","khusus-worker",--,"rds.mysql.instance","rds|instance|Mysql","ap-southeast-3","AP-Singapore","AZ1","architecture","architecture","0.00","Dollar/Number","744.000000","Number","0","0","0.00","0.00","0.00","0.00","0.00","0.00","0.00","0.00",--,"03/01/2026 00:00:00 GMT+08:00","04/01/2026 00:00:00 GMT+08:00","N",--,--,--,--,--,--,"744","Number","0","0","1",--,--,--,--,--,--
"Mar 2026","default","0","garudaku_topup","garudaku_topup","hws.service.type.rds","Relational Database Service","hws.resource.type.rds.instance","RDS Instance","00301-57344-0--0","Pay-per-Use","Expenditure-use","1dd61e28f26d48dfa8f181e84d0c856din01","khusus-front-2",--,"rds.mysql.instance","rds|instance|Mysql","ap-southeast-3","AP-Singapore","AZ1","architecture","architecture","0.00","Dollar/Number","744.000000","Number","0","0","0.00","0.00","0.00","0.00","0.00","0.00","0.00","0.00",--,"03/01/2026 00:00:00 GMT+08:00","04/01/2026 00:00:00 GMT+08:00","N",--,--,--,--,--,--,"744","Number","0","0","1",--,--,--,--,--,--
"Mar 2026","default","0","garudaku_topup","garudaku_topup","hws.service.type.kms","Data Encryption Workshop","hws.resource.type.kms","Customer Master Key","OFFI649536575538278406","Pay-per-Use","Expenditure-use","5f20ad28-ad41-4128-abe3-b0e2d3048c0f-0","kps/default",--,"kms.api","API Request","ap-southeast-3","AP-Singapore","AZ2","reqNumber","Request number","0.00","Dollar/PCS","1.000000","PCS","0","0","0.00","0.00","0.00","0.00","0.00","0.00","0.00","0.00",--,"03/04/2026 11:00:00 GMT+08:00","03/04/2026 11:59:59 GMT+08:00","N",--,--,--,--,--,--,"1","PCS","0","0","1",--,--,--,--,--,--
"Mar 2026","default","0","garudaku_topup","garudaku_topup","hws.service.type.kms","Data Encryption Workshop","hws.resource.type.kms","Customer Master Key","OFFI649536987314073608","Pay-per-Use","Expenditure-use","5f20ad28-ad41-4128-abe3-b0e2d3048c0f","kps/default",--,"kms.ud.default","Default Key","ap-southeast-3","AP-Singapore","AZ2","duration","Duration","0.00","Dollar/Hour","2678400.000000","Second","0","0","0.00","0.00","0.00","0.00","0.00","0.00","0.00","0.00",--,"03/01/2026 00:00:00 GMT+08:00","03/31/2026 23:59:59 GMT+08:00","N",--,--,--,--,--,--,"744","Hour","0","0","3600",--,--,--,--,--,--
"Mar 2026","default","0","garudaku_topup","garudaku_topup","hws.service.type.kms","Data Encryption Workshop","hws.resource.type.keypair","Key Pair","OFFI845194767488655361","Pay-per-Use","Expenditure-use","24a6d79e-405a-4d7d-89d0-3085e39bce45","KeyPair-topup2",--,"kms.keypair.basic","Key Management Service|Key Pair","ap-southeast-3","AP-Singapore",--,"duration","Duration","0.00","Dollar/Hour","2678400.000000","Second","0","0","0.00","0.00","0.00","0.00","0.00","0.00","0.00","0.00",--,"03/01/2026 00:00:00 GMT+08:00","03/31/2026 23:59:59 GMT+08:00","N",--,--,--,--,--,--,"744","Hour","0","0","3600",--,--,--,--,--,--
"Mar 2026","default","0","garudaku_topup","garudaku_topup","hws.service.type.kms","Data Encryption Workshop","hws.resource.type.keypair","Key Pair","OFFI845194767488655361","Pay-per-Use","Expenditure-use","143fbad9-70a9-44b4-8c54-97ac7fca9de0","KeyPair-Master-Topup",--,"kms.keypair.basic","Key Management Service|Key Pair","ap-southeast-3","AP-Singapore",--,"duration","Duration","0.00","Dollar/Hour","2379386.000000","Second","0","0","0.00","0.00","0.00","0.00","0.00","0.00","0.00","0.00",--,"03/04/2026 11:03:34 GMT+08:00","03/31/2026 23:59:59 GMT+08:00","N",--,--,--,--,--,--,"660.9405555555","Hour","0","0","3600",--,--,--,--,--,--
"Mar 2026","default","0","garudaku_topup","garudaku_topup","hws.service.type.ims","Image Management Service","hws.resource.type.ims","Image Management Service","00301-52558-0--0","Pay-per-Use","Expenditure-use","fe1cc347-e827-433a-880e-e8f6e0a189d6","TopupAPI_20251212.001",--,"private.image","private image|15.78648GB","ap-southeast-3","AP-Singapore","AZ1","duration","Duration","0.00","Dollar/GB/Hour","2678400.000000","Second","0","0","0.00","0.00","0.00","0.00","0.00","0.00","0.00","0.00",--,"03/01/2026 00:00:00 GMT+08:00","04/01/2026 00:00:00 GMT+08:00","N",--,--,--,--,--,--,"744","Hour","0","0","3600",--,--,--,--,--,--
"Mar 2026","default","0","garudaku_topup","garudaku_topup","hws.service.type.ims","Image Management Service","hws.resource.type.ims","Image Management Service","00301-52558-0--0","Pay-per-Use","Expenditure-use","fe079923-cacb-433c-a70e-6b5f719d2979","TopupAPI_20251124.001",--,"private.image","private image|16.127296GB","ap-southeast-3","AP-Singapore","AZ1","duration","Duration","0.00","Dollar/GB/Hour","2678400.000000","Second","0","0","0.00","0.00","0.00","0.00","0.00","0.00","0.00","0.00",--,"03/01/2026 00:00:00 GMT+08:00","04/01/2026 00:00:00 GMT+08:00","N",--,--,--,--,--,--,"744","Hour","0","0","3600",--,--,--,--,--,--
"Mar 2026","default","0","garudaku_topup","garudaku_topup","hws.service.type.ims","Image Management Service","hws.resource.type.ims","Image Management Service","00301-52558-0--0","Pay-per-Use","Expenditure-use","fda15579-ffe8-4a9f-af3d-bb35fa0fa7d2","TopupAPI_20250605-001",--,"private.image","private image|10.523861GB","ap-southeast-3","AP-Singapore","AZ1","duration","Duration","0.00","Dollar/GB/Hour","2678400.000000","Second","0","0","0.00","0.00","0.00","0.00","0.00","0.00","0.00","0.00",--,"03/01/2026 00:00:00 GMT+08:00","04/01/2026 00:00:00 GMT+08:00","N",--,--,--,--,--,--,"744","Hour","0","0","3600",--,--,--,--,--,--
"Mar 2026","default","0","garudaku_topup","garudaku_topup","hws.service.type.ims","Image Management Service","hws.resource.type.ims","Image Management Service","00301-52558-0--0","Pay-per-Use","Expenditure-use","fc3a82ea-22b9-47a0-8d1b-7b5df41f53b3","TopupAPI_20260120.004",--,"private.image","private image|15.690296GB","ap-southeast-3","AP-Singapore","AZ1","duration","Duration","0.00","Dollar/GB/Hour","2678400.000000","Second","0","0","0.00","0.00","0.00","0.00","0.00","0.00","0.00","0.00",--,"03/01/2026 00:00:00 GMT+08:00","04/01/2026 00:00:00 GMT+08:00","N",--,--,--,--,--,--,"744","Hour","0","0","3600",--,--,--,--,--,--
"Mar 2026","default","0","garudaku_topup","garudaku_topup","hws.service.type.ims","Image Management Service","hws.resource.type.ims","Image Management Service","00301-52558-0--0","Pay-per-Use","Expenditure-use","ee66901e-9314-4e87-9fbb-8af6cb50a77f","TopupAPI_20250828-001-001",--,"private.image","private image|14.391598GB","ap-southeast-3","AP-Singapore","AZ1","duration","Duration","0.00","Dollar/GB/Hour","2678400.000000","Second","0","0","0.00","0.00","0.00","0.00","0.00","0.00","0.00","0.00",--,"03/01/2026 00:00:00 GMT+08:00","04/01/2026 00:00:00 GMT+08:00","N",--,--,--,--,--,--,"744","Hour","0","0","3600",--,--,--,--,--,--
"Mar 2026","default","0","garudaku_topup","garudaku_topup","hws.service.type.ims","Image Management Service","hws.resource.type.ims","Image Management Service","00301-52558-0--0","Pay-per-Use","Expenditure-use","ee2a6823-4df1-484a-a63a-cfd2e4bbc0c1","TopupAPI_20241029.001",--,"private.image","private image|15.973625GB","ap-southeast-3","AP-Singapore","AZ1","duration","Duration","0.00","Dollar/GB/Hour","2678400.000000","Second","0","0","0.00","0.00","0.00","0.00","0.00","0.00","0.00","0.00",--,"03/01/2026 00:00:00 GMT+08:00","04/01/2026 00:00:00 GMT+08:00","N",--,--,--,--,--,--,"744","Hour","0","0","3600",--,--,--,--,--,--
"Mar 2026","default","0","garudaku_topup","garudaku_topup","hws.service.type.ims","Image Management Service","hws.resource.type.ims","Image Management Service","00301-52558-0--0","Pay-per-Use","Expenditure-use","e3358999-cbcd-499a-9116-5bf4a306ed77","Dev_20241101-001",--,"private.image","private image|64.3181GB","ap-southeast-3","AP-Singapore","AZ1","duration","Duration","0.00","Dollar/GB/Hour","2678400.000000","Second","0","0","0.00","0.00","0.00","0.00","0.00","0.00","0.00","0.00",--,"03/01/2026 00:00:00 GMT+08:00","04/01/2026 00:00:00 GMT+08:00","N",--,--,--,--,--,--,"744","Hour","0","0","3600",--,--,--,--,--,--
"Mar 2026","default","0","garudaku_topup","garudaku_topup","hws.service.type.ims","Image Management Service","hws.resource.type.ims","Image Management Service","00301-52558-0--0","Pay-per-Use","Expenditure-use","e2a249ca-aae6-4da2-a5a5-49ef6b29492b","Topup_20241011.001",--,"private.image","private image|7.733612GB","ap-southeast-3","AP-Singapore","AZ1","duration","Duration","0.00","Dollar/GB/Hour","2678400.000000","Second","0","0","0.00","0.00","0.00","0.00","0.00","0.00","0.00","0.00",--,"03/01/2026 00:00:00 GMT+08:00","04/01/2026 00:00:00 GMT+08:00","N",--,--,--,--,--,--,"744","Hour","0","0","3600",--,--,--,--,--,--
"Mar 2026","default","0","garudaku_topup","garudaku_topup","hws.service.type.ims","Image Management Service","hws.resource.type.ims","Image Management Service","00301-52558-0--0","Pay-per-Use","Expenditure-use","e277ac71-a510-42e3-84ad-d450149508ad","WORKER_W_SC_20241029.001",--,"private.image","private image|24.588879GB","ap-southeast-3","AP-Singapore","AZ1","duration","Duration","0.00","Dollar/GB/Hour","2678400.000000","Second","0","0","0.00","0.00","0.00","0.00","0.00","0.00","0.00","0.00",--,"03/01/2026 00:00:00 GMT+08:00","04/01/2026 00:00:00 GMT+08:00","N",--,--,--,--,--,--,"744","Hour","0","0","3600",--,--,--,--,--,--
"Mar 2026","default","0","garudaku_topup","garudaku_topup","hws.service.type.ims","Image Management Service","hws.resource.type.ims","Image Management Service","00301-52558-0--0","Pay-per-Use","Expenditure-use","df96f21b-1ea5-4692-8ff4-9536163c920d","TopupAPI_20251024-002",--,"private.image","private image|15.884186GB","ap-southeast-3","AP-Singapore","AZ1","duration","Duration","0.00","Dollar/GB/Hour","2678400.000000","Second","0","0","0.00","0.00","0.00","0.00","0.00","0.00","0.00","0.00",--,"03/01/2026 00:00:00 GMT+08:00","04/01/2026 00:00:00 GMT+08:00","N",--,--,--,--,--,--,"744","Hour","0","0","3600",--,--,--,--,--,--
"Mar 2026","default","0","garudaku_topup","garudaku_topup","hws.service.type.ims","Image Management Service","hws.resource.type.ims","Image Management Service","00301-52558-0--0","Pay-per-Use","Expenditure-use","deca4901-229b-47d8-a66d-ebb41aeab1a4","TopupAPI_20260311.001",--,"private.image","private image|15.714718GB","ap-southeast-3","AP-Singapore","AZ1","duration","Duration","0.00","Dollar/GB/Hour","1595381.000000","Second","0","0","0.00","0.00","0.00","0.00","0.00","0.00","0.00","0.00",--,"03/13/2026 12:50:19 GMT+08:00","04/01/2026 00:00:00 GMT+08:00","N",--,--,--,--,--,--,"443.1613888888","Hour","0","0","3600",--,--,--,--,--,--
"Mar 2026","default","0","garudaku_topup","garudaku_topup","hws.service.type.ims","Image Management Service","hws.resource.type.ims","Image Management Service","00301-52558-0--0","Pay-per-Use","Expenditure-use","de8ec869-4d0f-4979-8087-7fb2115154d3","TopupAPI_20260310.001",--,"private.image","private image|15.709713GB","ap-southeast-3","AP-Singapore","AZ1","duration","Duration","0.00","Dollar/GB/Hour","1774410.000000","Second","0","0","0.00","0.00","0.00","0.00","0.00","0.00","0.00","0.00",--,"03/11/2026 11:06:30 GMT+08:00","04/01/2026 00:00:00 GMT+08:00","N",--,--,--,--,--,--,"492.8916666666","Hour","0","0","3600",--,--,--,--,--,--
"Mar 2026","default","0","garudaku_topup","garudaku_topup","hws.service.type.ims","Image Management Service","hws.resource.type.ims","Image Management Service","00301-52558-0--0","Pay-per-Use","Expenditure-use","de3600fc-5607-417f-aee3-26c9545cecb3","TopupAPI_20260313.001",--,"private.image","private image|15.710934GB","ap-southeast-3","AP-Singapore","AZ1","duration","Duration","0.00","Dollar/GB/Hour","1535070.000000","Second","0","0","0.00","0.00","0.00","0.00","0.00","0.00","0.00","0.00",--,"03/14/2026 05:35:30 GMT+08:00","04/01/2026 00:00:00 GMT+08:00","N",--,--,--,--,--,--,"426.4083333333","Hour","0","0","3600",--,--,--,--,--,--
"Mar 2026","default","0","garudaku_topup","garudaku_topup","hws.service.type.ims","Image Management Service","hws.resource.type.ims","Image Management Service","00301-52558-0--0","Pay-per-Use","Expenditure-use","dc95cc0a-4fbe-431f-9e8f-8bfa91d790a2","TopupAPI_20250912-001",--,"private.image","private image|14.767326GB","ap-southeast-3","AP-Singapore","AZ1","duration","Duration","0.00","Dollar/GB/Hour","2678400.000000","Second","0","0","0.00","0.00","0.00","0.00","0.00","0.00","0.00","0.00",--,"03/01/2026 00:00:00 GMT+08:00","04/01/2026 00:00:00 GMT+08:00","N",--,--,--,--,--,--,"744","Hour","0","0","3600",--,--,--,--,--,--
"Mar 2026","default","0","garudaku_topup","garudaku_topup","hws.service.type.ims","Image Management Service","hws.resource.type.ims","Image Management Service","00301-52558-0--0","Pay-per-Use","Expenditure-use","dc356705-cbd7-46f4-afb0-f8db875914da","TopupAPI_20241120-001",--,"private.image","private image|8.058502GB","ap-southeast-3","AP-Singapore","AZ1","duration","Duration","0.00","Dollar/GB/Hour","2678400.000000","Second","0","0","0.00","0.00","0.00","0.00","0.00","0.00","0.00","0.00",--,"03/01/2026 00:00:00 GMT+08:00","04/01/2026 00:00:00 GMT+08:00","N",--,--,--,--,--,--,"744","Hour","0","0","3600",--,--,--,--,--,--
"Mar 2026","default","0","garudaku_topup","garudaku_topup","hws.service.type.ims","Image Management Service","hws.resource.type.ims","Image Management Service","00301-52558-0--0","Pay-per-Use","Expenditure-use","da6c756a-89e1-4ffc-ac8e-3f70f36a708e","Topup_API_20241031-001",--,"private.image","private image|7.783947GB","ap-southeast-3","AP-Singapore","AZ1","duration","Duration","0.00","Dollar/GB/Hour","2678400.000000","Second","0","0","0.00","0.00","0.00","0.00","0.00","0.00","0.00","0.00",--,"03/01/2026 00:00:00 GMT+08:00","04/01/2026 00:00:00 GMT+08:00","N",--,--,--,--,--,--,"744","Hour","0","0","3600",--,--,--,--,--,--
"Mar 2026","default","0","garudaku_topup","garudaku_topup","hws.service.type.ims","Image Management Service","hws.resource.type.ims","Image Management Service","00301-52558-0--0","Pay-per-Use","Expenditure-use","d149a716-c62d-4a70-b96e-bdfdf8b78358","TopupAPI_20250924-001",--,"private.image","private image|15.136536GB","ap-southeast-3","AP-Singapore","AZ1","duration","Duration","0.00","Dollar/GB/Hour","2678400.000000","Second","0","0","0.00","0.00","0.00","0.00","0.00","0.00","0.00","0.00",--,"03/01/2026 00:00:00 GMT+08:00","04/01/2026 00:00:00 GMT+08:00","N",--,--,--,--,--,--,"744","Hour","0","0","3600",--,--,--,--,--,--
"Mar 2026","default","0","garudaku_topup","garudaku_topup","hws.service.type.ims","Image Management Service","hws.resource.type.ims","Image Management Service","00301-52558-0--0","Pay-per-Use","Expenditure-use","cdd06cfb-82ba-484e-8424-b6308c500976","TopupAPI_20260113.001",--,"private.image","private image|15.711601GB","ap-southeast-3","AP-Singapore","AZ1","duration","Duration","0.00","Dollar/GB/Hour","2678400.000000","Second","0","0","0.00","0.00","0.00","0.00","0.00","0.00","0.00","0.00",--,"03/01/2026 00:00:00 GMT+08:00","04/01/2026 00:00:00 GMT+08:00","N",--,--,--,--,--,--,"744","Hour","0","0","3600",--,--,--,--,--,--
"Mar 2026","default","0","garudaku_topup","garudaku_topup","hws.service.type.ims","Image Management Service","hws.resource.type.ims","Image Management Service","00301-52558-0--0","Pay-per-Use","Expenditure-use","cd7dd752-1f67-46f7-b4d2-33aa696d5773","TopupAPI_20251217.001",--,"private.image","private image|15.801666GB","ap-southeast-3","AP-Singapore","AZ1","duration","Duration","0.00","Dollar/GB/Hour","2678400.000000","Second","0","0","0.00","0.00","0.00","0.00","0.00","0.00","0.00","0.00",--,"03/01/2026 00:00:00 GMT+08:00","04/01/2026 00:00:00 GMT+08:00","N",--,--,--,--,--,--,"744","Hour","0","0","3600",--,--,--,--,--,--
"Mar 2026","default","0","garudaku_topup","garudaku_topup","hws.service.type.ims","Image Management Service","hws.resource.type.ims","Image Management Service","00301-52558-0--0","Pay-per-Use","Expenditure-use","cc8ffba3-f336-4933-955f-79396984e77f","copy_Garudaku_20241006.003",--,"private.image","private image|7.786274GB","ap-southeast-3","AP-Singapore","AZ1","duration","Duration","0.00","Dollar/GB/Hour","2678400.000000","Second","0","0","0.00","0.00","0.00","0.00","0.00","0.00","0.00","0.00",--,"03/01/2026 00:00:00 GMT+08:00","04/01/2026 00:00:00 GMT+08:00","N",--,--,--,--,--,--,"744","Hour","0","0","3600",--,--,--,--,--,--
"Mar 2026","default","0","garudaku_topup","garudaku_topup","hws.service.type.ims","Image Management Service","hws.resource.type.ims","Image Management Service","00301-52558-0--0","Pay-per-Use","Expenditure-use","c3af32a6-3711-4875-9aa0-c2db0f7618d8","TopupAPI_20241202-002",--,"private.image","private image|8.501144GB","ap-southeast-3","AP-Singapore","AZ1","duration","Duration","0.00","Dollar/GB/Hour","2678400.000000","Second","0","0","0.00","0.00","0.00","0.00","0.00","0.00","0.00","0.00",--,"03/01/2026 00:00:00 GMT+08:00","04/01/2026 00:00:00 GMT+08:00","N",--,--,--,--,--,--,"744","Hour","0","0","3600",--,--,--,--,--,--
"Mar 2026","default","0","garudaku_topup","garudaku_topup","hws.service.type.ims","Image Management Service","hws.resource.type.ims","Image Management Service","00301-52558-0--0","Pay-per-Use","Expenditure-use","bd24e6a0-157b-4adc-938a-050cb85d871e","Topup_Worker_20241031-001",--,"private.image","private image|22.504128GB","ap-southeast-3","AP-Singapore","AZ1","duration","Duration","0.00","Dollar/GB/Hour","2678400.000000","Second","0","0","0.00","0.00","0.00","0.00","0.00","0.00","0.00","0.00",--,"03/01/2026 00:00:00 GMT+08:00","04/01/2026 00:00:00 GMT+08:00","N",--,--,--,--,--,--,"744","Hour","0","0","3600",--,--,--,--,--,--
"Mar 2026","default","0","garudaku_topup","garudaku_topup","hws.service.type.ims","Image Management Service","hws.resource.type.ims","Image Management Service","00301-52558-0--0","Pay-per-Use","Expenditure-use","bcbba796-b8d2-42a0-b866-f6b37dec55ca","TopupAPI_20251028-001",--,"private.image","private image|15.86937GB","ap-southeast-3","AP-Singapore","AZ1","duration","Duration","0.00","Dollar/GB/Hour","2678400.000000","Second","0","0","0.00","0.00","0.00","0.00","0.00","0.00","0.00","0.00",--,"03/01/2026 00:00:00 GMT+08:00","04/01/2026 00:00:00 GMT+08:00","N",--,--,--,--,--,--,"744","Hour","0","0","3600",--,--,--,--,--,--
"Mar 2026","default","0","garudaku_topup","garudaku_topup","hws.service.type.ims","Image Management Service","hws.resource.type.ims","Image Management Service","00301-52558-0--0","Pay-per-Use","Expenditure-use","b88edd18-76c8-4526-a052-62e78db65163","TopupAPI_20250906-001",--,"private.image","private image|14.64529GB","ap-southeast-3","AP-Singapore","AZ1","duration","Duration","0.00","Dollar/GB/Hour","2678400.000000","Second","0","0","0.00","0.00","0.00","0.00","0.00","0.00","0.00","0.00",--,"03/01/2026 00:00:00 GMT+08:00","04/01/2026 00:00:00 GMT+08:00","N",--,--,--,--,--,--,"744","Hour","0","0","3600",--,--,--,--,--,--
"Mar 2026","default","0","garudaku_topup","garudaku_topup","hws.service.type.ims","Image Management Service","hws.resource.type.ims","Image Management Service","00301-52558-0--0","Pay-per-Use","Expenditure-use","b1b28e4b-8ee4-420c-a422-38d5b17e9c5d","TopupAPI_20251023-002",--,"private.image","private image|15.789604GB","ap-southeast-3","AP-Singapore","AZ1","duration","Duration","0.00","Dollar/GB/Hour","2678400.000000","Second","0","0","0.00","0.00","0.00","0.00","0.00","0.00","0.00","0.00",--,"03/01/2026 00:00:00 GMT+08:00","04/01/2026 00:00:00 GMT+08:00","N",--,--,--,--,--,--,"744","Hour","0","0","3600",--,--,--,--,--,--
"Mar 2026","default","0","garudaku_topup","garudaku_topup","hws.service.type.ims","Image Management Service","hws.resource.type.ims","Image Management Service","00301-52558-0--0","Pay-per-Use","Expenditure-use","af1db32f-526b-45cf-8d3a-8397a717391d","Topup_20241011.002",--,"private.image","private image|7.733547GB","ap-southeast-3","AP-Singapore","AZ1","duration","Duration","0.00","Dollar/GB/Hour","2678400.000000","Second","0","0","0.00","0.00","0.00","0.00","0.00","0.00","0.00","0.00",--,"03/01/2026 00:00:00 GMT+08:00","04/01/2026 00:00:00 GMT+08:00","N",--,--,--,--,--,--,"744","Hour","0","0","3600",--,--,--,--,--,--
"Mar 2026","default","0","garudaku_topup","garudaku_topup","hws.service.type.ims","Image Management Service","hws.resource.type.ims","Image Management Service","00301-52558-0--0","Pay-per-Use","Expenditure-use","aeedd7f2-ca19-439d-ac33-310d706cce84","TopupAPI_20251114.001",--,"private.image","private image|15.885609GB","ap-southeast-3","AP-Singapore","AZ1","duration","Duration","0.00","Dollar/GB/Hour","2678400.000000","Second","0","0","0.00","0.00","0.00","0.00","0.00","0.00","0.00","0.00",--,"03/01/2026 00:00:00 GMT+08:00","04/01/2026 00:00:00 GMT+08:00","N",--,--,--,--,--,--,"744","Hour","0","0","3600",--,--,--,--,--,--
"Mar 2026","default","0","garudaku_topup","garudaku_topup","hws.service.type.ims","Image Management Service","hws.resource.type.ims","Image Management Service","00301-52558-0--0","Pay-per-Use","Expenditure-use","aeed6ee3-6469-4499-b514-0ba9eb63fe39","TopupAPI_20260223.002",--,"private.image","private image|15.657974GB","ap-southeast-3","AP-Singapore","AZ1","duration","Duration","0.00","Dollar/GB/Hour","2678400.000000","Second","0","0","0.00","0.00","0.00","0.00","0.00","0.00","0.00","0.00",--,"03/01/2026 00:00:00 GMT+08:00","04/01/2026 00:00:00 GMT+08:00","N",--,--,--,--,--,--,"744","Hour","0","0","3600",--,--,--,--,--,--
"Mar 2026","default","0","garudaku_topup","garudaku_topup","hws.service.type.ims","Image Management Service","hws.resource.type.ims","Image Management Service","00301-52558-0--0","Pay-per-Use","Expenditure-use","ad3826e3-ef29-4bde-8653-1aae2623c2f0","TopupAPI_20260223.002.001",--,"private.image","private image|15.640491GB","ap-southeast-3","AP-Singapore","AZ1","duration","Duration","0.00","Dollar/GB/Hour","2276005.000000","Second","0","0","0.00","0.00","0.00","0.00","0.00","0.00","0.00","0.00",--,"03/05/2026 15:46:35 GMT+08:00","04/01/2026 00:00:00 GMT+08:00","N",--,--,--,--,--,--,"632.2236111111","Hour","0","0","3600",--,--,--,--,--,--
"Mar 2026","default","0","garudaku_topup","garudaku_topup","hws.service.type.ims","Image Management Service","hws.resource.type.ims","Image Management Service","00301-52558-0--0","Pay-per-Use","Expenditure-use","acae29be-f5a2-478b-946e-96e5d7101ae5","TopupAPI_20250819-001",--,"private.image","private image|14.095116GB","ap-southeast-3","AP-Singapore","AZ1","duration","Duration","0.00","Dollar/GB/Hour","2678400.000000","Second","0","0","0.00","0.00","0.00","0.00","0.00","0.00","0.00","0.00",--,"03/01/2026 00:00:00 GMT+08:00","04/01/2026 00:00:00 GMT+08:00","N",--,--,--,--,--,--,"744","Hour","0","0","3600",--,--,--,--,--,--
"Mar 2026","default","0","garudaku_topup","garudaku_topup","hws.service.type.ims","Image Management Service","hws.resource.type.ims","Image Management Service","00301-52558-0--0","Pay-per-Use","Expenditure-use","aa4f53b6-1b69-490b-b6b2-523832dfadaa","TopupAPI_20260211.001",--,"private.image","private image|15.679073GB","ap-southeast-3","AP-Singapore","AZ1","duration","Duration","0.00","Dollar/GB/Hour","2678400.000000","Second","0","0","0.00","0.00","0.00","0.00","0.00","0.00","0.00","0.00",--,"03/01/2026 00:00:00 GMT+08:00","04/01/2026 00:00:00 GMT+08:00","N",--,--,--,--,--,--,"744","Hour","0","0","3600",--,--,--,--,--,--
"Mar 2026","default","0","garudaku_topup","garudaku_topup","hws.service.type.ims","Image Management Service","hws.resource.type.ims","Image Management Service","00301-52558-0--0","Pay-per-Use","Expenditure-use","aa30bd7f-5160-4416-9fdb-9d2f95772b10","TopupAPI_20251212.001",--,"private.image","private image|15.798012GB","ap-southeast-3","AP-Singapore","AZ1","duration","Duration","0.00","Dollar/GB/Hour","2678400.000000","Second","0","0","0.00","0.00","0.00","0.00","0.00","0.00","0.00","0.00",--,"03/01/2026 00:00:00 GMT+08:00","04/01/2026 00:00:00 GMT+08:00","N",--,--,--,--,--,--,"744","Hour","0","0","3600",--,--,--,--,--,--
"Mar 2026","default","0","garudaku_topup","garudaku_topup","hws.service.type.ims","Image Management Service","hws.resource.type.ims","Image Management Service","00301-52558-0--0","Pay-per-Use","Expenditure-use","a8a0927a-689a-43f3-b23c-b2ce5004aaa9","Whitelist_20241101-001",--,"private.image","private image|9.339199GB","ap-southeast-3","AP-Singapore","AZ1","duration","Duration","0.00","Dollar/GB/Hour","2678400.000000","Second","0","0","0.00","0.00","0.00","0.00","0.00","0.00","0.00","0.00",--,"03/01/2026 00:00:00 GMT+08:00","04/01/2026 00:00:00 GMT+08:00","N",--,--,--,--,--,--,"744","Hour","0","0","3600",--,--,--,--,--,--
"Mar 2026","default","0","garudaku_topup","garudaku_topup","hws.service.type.ims","Image Management Service","hws.resource.type.ims","Image Management Service","00301-52558-0--0","Pay-per-Use","Expenditure-use","a3ae4227-8653-4449-a4ef-203233d29f3c","TopupAPI_20260220.002",--,"private.image","private image|15.665199GB","ap-southeast-3","AP-Singapore","AZ1","duration","Duration","0.00","Dollar/GB/Hour","2678400.000000","Second","0","0","0.00","0.00","0.00","0.00","0.00","0.00","0.00","0.00",--,"03/01/2026 00:00:00 GMT+08:00","04/01/2026 00:00:00 GMT+08:00","N",--,--,--,--,--,--,"744","Hour","0","0","3600",--,--,--,--,--,--
"Mar 2026","default","0","garudaku_topup","garudaku_topup","hws.service.type.ims","Image Management Service","hws.resource.type.ims","Image Management Service","00301-52558-0--0","Pay-per-Use","Expenditure-use","a0b85f29-dcfa-476a-8303-78e21bd11af1","TopupAPI_20250121-001",--,"private.image","private image|10.06683GB","ap-southeast-3","AP-Singapore","AZ1","duration","Duration","0.00","Dollar/GB/Hour","2678400.000000","Second","0","0","0.00","0.00","0.00","0.00","0.00","0.00","0.00","0.00",--,"03/01/2026 00:00:00 GMT+08:00","04/01/2026 00:00:00 GMT+08:00","N",--,--,--,--,--,--,"744","Hour","0","0","3600",--,--,--,--,--,--
"Mar 2026","default","0","garudaku_topup","garudaku_topup","hws.service.type.ims","Image Management Service","hws.resource.type.ims","Image Management Service","00301-52558-0--0","Pay-per-Use","Expenditure-use","a080e4f3-3436-48cd-b177-94975015e219","copy_Platform_20241006.003",--,"private.image","private image|13.270592GB","ap-southeast-3","AP-Singapore","AZ1","duration","Duration","0.00","Dollar/GB/Hour","2678400.000000","Second","0","0","0.00","0.00","0.00","0.00","0.00","0.00","0.00","0.00",--,"03/01/2026 00:00:00 GMT+08:00","04/01/2026 00:00:00 GMT+08:00","N",--,--,--,--,--,--,"744","Hour","0","0","3600",--,--,--,--,--,--
"Mar 2026","default","0","garudaku_topup","garudaku_topup","hws.service.type.ims","Image Management Service","hws.resource.type.ims","Image Management Service","00301-52558-0--0","Pay-per-Use","Expenditure-use","9c1c8431-1614-4a3d-9fb6-8ca4c0622139","TopupAPI_20251212.001",--,"private.image","private image|15.778805GB","ap-southeast-3","AP-Singapore","AZ1","duration","Duration","0.00","Dollar/GB/Hour","2678400.000000","Second","0","0","0.00","0.00","0.00","0.00","0.00","0.00","0.00","0.00",--,"03/01/2026 00:00:00 GMT+08:00","04/01/2026 00:00:00 GMT+08:00","N",--,--,--,--,--,--,"744","Hour","0","0","3600",--,--,--,--,--,--
"Mar 2026","default","0","garudaku_topup","garudaku_topup","hws.service.type.ims","Image Management Service","hws.resource.type.ims","Image Management Service","00301-52558-0--0","Pay-per-Use","Expenditure-use","9adbd5e1-2165-4471-86dd-c8073f178a6e","TopupAPI_20250920-001",--,"private.image","private image|14.970062GB","ap-southeast-3","AP-Singapore","AZ1","duration","Duration","0.00","Dollar/GB/Hour","2678400.000000","Second","0","0","0.00","0.00","0.00","0.00","0.00","0.00","0.00","0.00",--,"03/01/2026 00:00:00 GMT+08:00","04/01/2026 00:00:00 GMT+08:00","N",--,--,--,--,--,--,"744","Hour","0","0","3600",--,--,--,--,--,--
"Mar 2026","default","0","garudaku_topup","garudaku_topup","hws.service.type.ims","Image Management Service","hws.resource.type.ims","Image Management Service","00301-52558-0--0","Pay-per-Use","Expenditure-use","97f853ea-e82f-4237-ae9c-2007ff45882c","Worker_20250529-001",--,"private.image","private image|23.89716GB","ap-southeast-3","AP-Singapore","AZ1","duration","Duration","0.00","Dollar/GB/Hour","2678400.000000","Second","0","0","0.00","0.00","0.00","0.00","0.00","0.00","0.00","0.00",--,"03/01/2026 00:00:00 GMT+08:00","04/01/2026 00:00:00 GMT+08:00","N",--,--,--,--,--,--,"744","Hour","0","0","3600",--,--,--,--,--,--
"Mar 2026","default","0","garudaku_topup","garudaku_topup","hws.service.type.ims","Image Management Service","hws.resource.type.ims","Image Management Service","00301-52558-0--0","Pay-per-Use","Expenditure-use","97b42ea9-552b-446b-9b20-15ec70b6832b","TopupAPI_20260210.001",--,"private.image","private image|15.696274GB","ap-southeast-3","AP-Singapore","AZ1","duration","Duration","0.00","Dollar/GB/Hour","2678400.000000","Second","0","0","0.00","0.00","0.00","0.00","0.00","0.00","0.00","0.00",--,"03/01/2026 00:00:00 GMT+08:00","04/01/2026 00:00:00 GMT+08:00","N",--,--,--,--,--,--,"744","Hour","0","0","3600",--,--,--,--,--,--
"Mar 2026","default","0","garudaku_topup","garudaku_topup","hws.service.type.ims","Image Management Service","hws.resource.type.ims","Image Management Service","00301-52558-0--0","Pay-per-Use","Expenditure-use","9770cf6f-7aaf-455f-9d62-8a42076040e9","TopupAPI_20251212.001",--,"private.image","private image|15.809059GB","ap-southeast-3","AP-Singapore","AZ1","duration","Duration","0.00","Dollar/GB/Hour","2678400.000000","Second","0","0","0.00","0.00","0.00","0.00","0.00","0.00","0.00","0.00",--,"03/01/2026 00:00:00 GMT+08:00","04/01/2026 00:00:00 GMT+08:00","N",--,--,--,--,--,--,"744","Hour","0","0","3600",--,--,--,--,--,--
"Mar 2026","default","0","garudaku_topup","garudaku_topup","hws.service.type.ims","Image Management Service","hws.resource.type.ims","Image Management Service","00301-52558-0--0","Pay-per-Use","Expenditure-use","95e1c3df-7985-4331-bce2-337255a67f3e","TopupAPI_20250313-002",--,"private.image","private image|10.737083GB","ap-southeast-3","AP-Singapore","AZ1","duration","Duration","0.00","Dollar/GB/Hour","2678400.000000","Second","0","0","0.00","0.00","0.00","0.00","0.00","0.00","0.00","0.00",--,"03/01/2026 00:00:00 GMT+08:00","04/01/2026 00:00:00 GMT+08:00","N",--,--,--,--,--,--,"744","Hour","0","0","3600",--,--,--,--,--,--
"Mar 2026","default","0","garudaku_topup","garudaku_topup","hws.service.type.ims","Image Management Service","hws.resource.type.ims","Image Management Service","00301-52558-0--0","Pay-per-Use","Expenditure-use","91111f1a-6d55-4d3f-8361-301777fa1433","TopupAPI_20251128.001",--,"private.image","private image|16.022472GB","ap-southeast-3","AP-Singapore","AZ1","duration","Duration","0.00","Dollar/GB/Hour","2678400.000000","Second","0","0","0.00","0.00","0.00","0.00","0.00","0.00","0.00","0.00",--,"03/01/2026 00:00:00 GMT+08:00","04/01/2026 00:00:00 GMT+08:00","N",--,--,--,--,--,--,"744","Hour","0","0","3600",--,--,--,--,--,--
"Mar 2026","default","0","garudaku_topup","garudaku_topup","hws.service.type.ims","Image Management Service","hws.resource.type.ims","Image Management Service","00301-52558-0--0","Pay-per-Use","Expenditure-use","8bfde68d-7858-4c15-8a07-604bd9afda63","TopupAPI_20251023-003",--,"private.image","private image|15.789478GB","ap-southeast-3","AP-Singapore","AZ1","duration","Duration","0.00","Dollar/GB/Hour","2678400.000000","Second","0","0","0.00","0.00","0.00","0.00","0.00","0.00","0.00","0.00",--,"03/01/2026 00:00:00 GMT+08:00","04/01/2026 00:00:00 GMT+08:00","N",--,--,--,--,--,--,"744","Hour","0","0","3600",--,--,--,--,--,--
"Mar 2026","default","0","garudaku_topup","garudaku_topup","hws.service.type.ims","Image Management Service","hws.resource.type.ims","Image Management Service","00301-52558-0--0","Pay-per-Use","Expenditure-use","851d80c5-99c3-4ec9-9f40-937cf83809c7","Whitelist_20250529-001",--,"private.image","private image|16.813492GB","ap-southeast-3","AP-Singapore","AZ1","duration","Duration","0.00","Dollar/GB/Hour","2678400.000000","Second","0","0","0.00","0.00","0.00","0.00","0.00","0.00","0.00","0.00",--,"03/01/2026 00:00:00 GMT+08:00","04/01/2026 00:00:00 GMT+08:00","N",--,--,--,--,--,--,"744","Hour","0","0","3600",--,--,--,--,--,--
"Mar 2026","default","0","garudaku_topup","garudaku_topup","hws.service.type.ims","Image Management Service","hws.resource.type.ims","Image Management Service","00301-52558-0--0","Pay-per-Use","Expenditure-use","7ea90aee-7723-4bca-8974-d42c31288845","TopupAPI_20250815-001",--,"private.image","private image|13.931797GB","ap-southeast-3","AP-Singapore","AZ1","duration","Duration","0.00","Dollar/GB/Hour","2678400.000000","Second","0","0","0.00","0.00","0.00","0.00","0.00","0.00","0.00","0.00",--,"03/01/2026 00:00:00 GMT+08:00","04/01/2026 00:00:00 GMT+08:00","N",--,--,--,--,--,--,"744","Hour","0","0","3600",--,--,--,--,--,--
"Mar 2026","default","0","garudaku_topup","garudaku_topup","hws.service.type.ims","Image Management Service","hws.resource.type.ims","Image Management Service","00301-52558-0--0","Pay-per-Use","Expenditure-use","7e17abcc-fe10-4660-b875-2734caa15155","TopupAPI_20241101-001",--,"private.image","private image|7.766205GB","ap-southeast-3","AP-Singapore","AZ1","duration","Duration","0.00","Dollar/GB/Hour","2678400.000000","Second","0","0","0.00","0.00","0.00","0.00","0.00","0.00","0.00","0.00",--,"03/01/2026 00:00:00 GMT+08:00","04/01/2026 00:00:00 GMT+08:00","N",--,--,--,--,--,--,"744","Hour","0","0","3600",--,--,--,--,--,--
"Mar 2026","default","0","garudaku_topup","garudaku_topup","hws.service.type.ims","Image Management Service","hws.resource.type.ims","Image Management Service","00301-52558-0--0","Pay-per-Use","Expenditure-use","78bd7c5a-baae-4d0d-b91c-5bd41f74549d","TopupAPI_20250529-001",--,"private.image","private image|10.200218GB","ap-southeast-3","AP-Singapore","AZ1","duration","Duration","0.00","Dollar/GB/Hour","2678400.000000","Second","0","0","0.00","0.00","0.00","0.00","0.00","0.00","0.00","0.00",--,"03/01/2026 00:00:00 GMT+08:00","04/01/2026 00:00:00 GMT+08:00","N",--,--,--,--,--,--,"744","Hour","0","0","3600",--,--,--,--,--,--
"Mar 2026","default","0","garudaku_topup","garudaku_topup","hws.service.type.ims","Image Management Service","hws.resource.type.ims","Image Management Service","00301-52558-0--0","Pay-per-Use","Expenditure-use","75ac972b-b2c2-47b1-8f1c-bfdd9fb08b34","TopupAPI_20250228-001",--,"private.image","private image|10.97477GB","ap-southeast-3","AP-Singapore","AZ1","duration","Duration","0.00","Dollar/GB/Hour","2678400.000000","Second","0","0","0.00","0.00","0.00","0.00","0.00","0.00","0.00","0.00",--,"03/01/2026 00:00:00 GMT+08:00","04/01/2026 00:00:00 GMT+08:00","N",--,--,--,--,--,--,"744","Hour","0","0","3600",--,--,--,--,--,--
"Mar 2026","default","0","garudaku_topup","garudaku_topup","hws.service.type.ims","Image Management Service","hws.resource.type.ims","Image Management Service","00301-52558-0--0","Pay-per-Use","Expenditure-use","757d0a10-ab1f-4ee6-bfe7-62a0b8d66be6","TopupAPI_20251128.001",--,"private.image","private image|16.022465GB","ap-southeast-3","AP-Singapore","AZ1","duration","Duration","0.00","Dollar/GB/Hour","2678400.000000","Second","0","0","0.00","0.00","0.00","0.00","0.00","0.00","0.00","0.00",--,"03/01/2026 00:00:00 GMT+08:00","04/01/2026 00:00:00 GMT+08:00","N",--,--,--,--,--,--,"744","Hour","0","0","3600",--,--,--,--,--,--
"Mar 2026","default","0","garudaku_topup","garudaku_topup","hws.service.type.ims","Image Management Service","hws.resource.type.ims","Image Management Service","00301-52558-0--0","Pay-per-Use","Expenditure-use","73390338-c4d1-4641-97ea-76d3ef1cbe57","TopupAPI_20260220.002",--,"private.image","private image|15.659229GB","ap-southeast-3","AP-Singapore","AZ1","duration","Duration","0.00","Dollar/GB/Hour","2678400.000000","Second","0","0","0.00","0.00","0.00","0.00","0.00","0.00","0.00","0.00",--,"03/01/2026 00:00:00 GMT+08:00","04/01/2026 00:00:00 GMT+08:00","N",--,--,--,--,--,--,"744","Hour","0","0","3600",--,--,--,--,--,--
"Mar 2026","default","0","garudaku_topup","garudaku_topup","hws.service.type.ims","Image Management Service","hws.resource.type.ims","Image Management Service","00301-52558-0--0","Pay-per-Use","Expenditure-use","6d08a256-4ea6-4ddd-80c7-0405178a8a02","TopupAPI_20251212.001",--,"private.image","private image|15.791389GB","ap-southeast-3","AP-Singapore","AZ1","duration","Duration","0.00","Dollar/GB/Hour","2678400.000000","Second","0","0","0.00","0.00","0.00","0.00","0.00","0.00","0.00","0.00",--,"03/01/2026 00:00:00 GMT+08:00","04/01/2026 00:00:00 GMT+08:00","N",--,--,--,--,--,--,"744","Hour","0","0","3600",--,--,--,--,--,--
"Mar 2026","default","0","garudaku_topup","garudaku_topup","hws.service.type.ims","Image Management Service","hws.resource.type.ims","Image Management Service","00301-52558-0--0","Pay-per-Use","Expenditure-use","6ba40983-ea4e-492b-933d-caa9c8b93556","TopupAPI_20250428-001",--,"private.image","private image|10.529716GB","ap-southeast-3","AP-Singapore","AZ1","duration","Duration","0.00","Dollar/GB/Hour","2678400.000000","Second","0","0","0.00","0.00","0.00","0.00","0.00","0.00","0.00","0.00",--,"03/01/2026 00:00:00 GMT+08:00","04/01/2026 00:00:00 GMT+08:00","N",--,--,--,--,--,--,"744","Hour","0","0","3600",--,--,--,--,--,--
"Mar 2026","default","0","garudaku_topup","garudaku_topup","hws.service.type.ims","Image Management Service","hws.resource.type.ims","Image Management Service","00301-52558-0--0","Pay-per-Use","Expenditure-use","65c53a6a-394a-4a2b-ac61-b3f999e04dd7","TopupAPI_20251024-001",--,"private.image","private image|15.884239GB","ap-southeast-3","AP-Singapore","AZ1","duration","Duration","0.00","Dollar/GB/Hour","2678400.000000","Second","0","0","0.00","0.00","0.00","0.00","0.00","0.00","0.00","0.00",--,"03/01/2026 00:00:00 GMT+08:00","04/01/2026 00:00:00 GMT+08:00","N",--,--,--,--,--,--,"744","Hour","0","0","3600",--,--,--,--,--,--
"Mar 2026","default","0","garudaku_topup","garudaku_topup","hws.service.type.ims","Image Management Service","hws.resource.type.ims","Image Management Service","00301-52558-0--0","Pay-per-Use","Expenditure-use","63701e73-8870-43c3-b3b4-4259f43dce9c","TopupAPI_20260204.001",--,"private.image","private image|15.697029GB","ap-southeast-3","AP-Singapore","AZ1","duration","Duration","0.00","Dollar/GB/Hour","2678400.000000","Second","0","0","0.00","0.00","0.00","0.00","0.00","0.00","0.00","0.00",--,"03/01/2026 00:00:00 GMT+08:00","04/01/2026 00:00:00 GMT+08:00","N",--,--,--,--,--,--,"744","Hour","0","0","3600",--,--,--,--,--,--
"Mar 2026","default","0","garudaku_topup","garudaku_topup","hws.service.type.ims","Image Management Service","hws.resource.type.ims","Image Management Service","00301-52558-0--0","Pay-per-Use","Expenditure-use","615defc3-58a4-4443-8aea-c77b84c03519","TopupAPI_20251110.001",--,"private.image","private image|15.895134GB","ap-southeast-3","AP-Singapore","AZ1","duration","Duration","0.00","Dollar/GB/Hour","2678400.000000","Second","0","0","0.00","0.00","0.00","0.00","0.00","0.00","0.00","0.00",--,"03/01/2026 00:00:00 GMT+08:00","04/01/2026 00:00:00 GMT+08:00","N",--,--,--,--,--,--,"744","Hour","0","0","3600",--,--,--,--,--,--
"Mar 2026","default","0","garudaku_topup","garudaku_topup","hws.service.type.ims","Image Management Service","hws.resource.type.ims","Image Management Service","00301-52558-0--0","Pay-per-Use","Expenditure-use","60129d53-fce8-4747-a616-ee4e03e7bf0c","Topup_Platform_20241031-001",--,"private.image","private image|15.544552GB","ap-southeast-3","AP-Singapore","AZ1","duration","Duration","0.00","Dollar/GB/Hour","2678400.000000","Second","0","0","0.00","0.00","0.00","0.00","0.00","0.00","0.00","0.00",--,"03/01/2026 00:00:00 GMT+08:00","04/01/2026 00:00:00 GMT+08:00","N",--,--,--,--,--,--,"744","Hour","0","0","3600",--,--,--,--,--,--
"Mar 2026","default","0","garudaku_topup","garudaku_topup","hws.service.type.ims","Image Management Service","hws.resource.type.ims","Image Management Service","00301-52558-0--0","Pay-per-Use","Expenditure-use","5a85dd11-3458-4b61-b2c5-a64090514c52","TopupAPI_20251212.001",--,"private.image","private image|15.797729GB","ap-southeast-3","AP-Singapore","AZ1","duration","Duration","0.00","Dollar/GB/Hour","2678400.000000","Second","0","0","0.00","0.00","0.00","0.00","0.00","0.00","0.00","0.00",--,"03/01/2026 00:00:00 GMT+08:00","04/01/2026 00:00:00 GMT+08:00","N",--,--,--,--,--,--,"744","Hour","0","0","3600",--,--,--,--,--,--
"Mar 2026","default","0","garudaku_topup","garudaku_topup","hws.service.type.ims","Image Management Service","hws.resource.type.ims","Image Management Service","00301-52558-0--0","Pay-per-Use","Expenditure-use","522a3eb6-9bc1-4e32-b7ba-1805727d9fea","TopupAPI_20260210.001",--,"private.image","private image|15.696148GB","ap-southeast-3","AP-Singapore","AZ1","duration","Duration","0.00","Dollar/GB/Hour","2678400.000000","Second","0","0","0.00","0.00","0.00","0.00","0.00","0.00","0.00","0.00",--,"03/01/2026 00:00:00 GMT+08:00","04/01/2026 00:00:00 GMT+08:00","N",--,--,--,--,--,--,"744","Hour","0","0","3600",--,--,--,--,--,--
"Mar 2026","default","0","garudaku_topup","garudaku_topup","hws.service.type.ims","Image Management Service","hws.resource.type.ims","Image Management Service","00301-52558-0--0","Pay-per-Use","Expenditure-use","4fcda043-ad98-4b47-b1a6-69eea17b7f00","TopupAPI_20241202-001",--,"private.image","private image|8.427399GB","ap-southeast-3","AP-Singapore","AZ1","duration","Duration","0.00","Dollar/GB/Hour","2678400.000000","Second","0","0","0.00","0.00","0.00","0.00","0.00","0.00","0.00","0.00",--,"03/01/2026 00:00:00 GMT+08:00","04/01/2026 00:00:00 GMT+08:00","N",--,--,--,--,--,--,"744","Hour","0","0","3600",--,--,--,--,--,--
"Mar 2026","default","0","garudaku_topup","garudaku_topup","hws.service.type.ims","Image Management Service","hws.resource.type.ims","Image Management Service","00301-52558-0--0","Pay-per-Use","Expenditure-use","4cc30113-057f-4aef-95e2-19a7374fe66f","TopupAPI_20250910-001",--,"private.image","private image|14.767517GB","ap-southeast-3","AP-Singapore","AZ1","duration","Duration","0.00","Dollar/GB/Hour","2678400.000000","Second","0","0","0.00","0.00","0.00","0.00","0.00","0.00","0.00","0.00",--,"03/01/2026 00:00:00 GMT+08:00","04/01/2026 00:00:00 GMT+08:00","N",--,--,--,--,--,--,"744","Hour","0","0","3600",--,--,--,--,--,--
"Mar 2026","default","0","garudaku_topup","garudaku_topup","hws.service.type.ims","Image Management Service","hws.resource.type.ims","Image Management Service","00301-52558-0--0","Pay-per-Use","Expenditure-use","4c1c4135-79da-4864-ab2a-59668773266b","TopupAPI_20251023-001",--,"private.image","private image|15.788727GB","ap-southeast-3","AP-Singapore","AZ1","duration","Duration","0.00","Dollar/GB/Hour","2678400.000000","Second","0","0","0.00","0.00","0.00","0.00","0.00","0.00","0.00","0.00",--,"03/01/2026 00:00:00 GMT+08:00","04/01/2026 00:00:00 GMT+08:00","N",--,--,--,--,--,--,"744","Hour","0","0","3600",--,--,--,--,--,--
"Mar 2026","default","0","garudaku_topup","garudaku_topup","hws.service.type.ims","Image Management Service","hws.resource.type.ims","Image Management Service","00301-52558-0--0","Pay-per-Use","Expenditure-use","4ae22f7d-32fa-404e-89f6-aa3691c602e7","TopupAPI_20250815-002",--,"private.image","private image|13.921871GB","ap-southeast-3","AP-Singapore","AZ1","duration","Duration","0.00","Dollar/GB/Hour","2678400.000000","Second","0","0","0.00","0.00","0.00","0.00","0.00","0.00","0.00","0.00",--,"03/01/2026 00:00:00 GMT+08:00","04/01/2026 00:00:00 GMT+08:00","N",--,--,--,--,--,--,"744","Hour","0","0","3600",--,--,--,--,--,--
"Mar 2026","default","0","garudaku_topup","garudaku_topup","hws.service.type.ims","Image Management Service","hws.resource.type.ims","Image Management Service","00301-52558-0--0","Pay-per-Use","Expenditure-use","47c11360-0fdd-43cd-8f37-f122600cacca","TopupAPI_20250818-001.001",--,"private.image","private image|14.08091GB","ap-southeast-3","AP-Singapore","AZ1","duration","Duration","0.00","Dollar/GB/Hour","2678400.000000","Second","0","0","0.00","0.00","0.00","0.00","0.00","0.00","0.00","0.00",--,"03/01/2026 00:00:00 GMT+08:00","04/01/2026 00:00:00 GMT+08:00","N",--,--,--,--,--,--,"744","Hour","0","0","3600",--,--,--,--,--,--
"Mar 2026","default","0","garudaku_topup","garudaku_topup","hws.service.type.ims","Image Management Service","hws.resource.type.ims","Image Management Service","00301-52558-0--0","Pay-per-Use","Expenditure-use","3fd2efa1-fc02-40bc-b514-0973be13ad51","TopupAPI_20251021-001",--,"private.image","private image|15.685925GB","ap-southeast-3","AP-Singapore","AZ1","duration","Duration","0.00","Dollar/GB/Hour","2678400.000000","Second","0","0","0.00","0.00","0.00","0.00","0.00","0.00","0.00","0.00",--,"03/01/2026 00:00:00 GMT+08:00","04/01/2026 00:00:00 GMT+08:00","N",--,--,--,--,--,--,"744","Hour","0","0","3600",--,--,--,--,--,--
"Mar 2026","default","0","garudaku_topup","garudaku_topup","hws.service.type.ims","Image Management Service","hws.resource.type.ims","Image Management Service","00301-52558-0--0","Pay-per-Use","Expenditure-use","3cbb2403-48f7-499c-af4a-a03ede21ea8b","TopupAPI_20250818-001",--,"private.image","private image|14.04203GB","ap-southeast-3","AP-Singapore","AZ1","duration","Duration","0.00","Dollar/GB/Hour","2678400.000000","Second","0","0","0.00","0.00","0.00","0.00","0.00","0.00","0.00","0.00",--,"03/01/2026 00:00:00 GMT+08:00","04/01/2026 00:00:00 GMT+08:00","N",--,--,--,--,--,--,"744","Hour","0","0","3600",--,--,--,--,--,--
"Mar 2026","default","0","garudaku_topup","garudaku_topup","hws.service.type.ims","Image Management Service","hws.resource.type.ims","Image Management Service","00301-52558-0--0","Pay-per-Use","Expenditure-use","3c73d0b4-d9d2-4de8-a7e9-6edbea7fe770","TopupAPI_20251113.002",--,"private.image","private image|15.893425GB","ap-southeast-3","AP-Singapore","AZ1","duration","Duration","0.00","Dollar/GB/Hour","2678400.000000","Second","0","0","0.00","0.00","0.00","0.00","0.00","0.00","0.00","0.00",--,"03/01/2026 00:00:00 GMT+08:00","04/01/2026 00:00:00 GMT+08:00","N",--,--,--,--,--,--,"744","Hour","0","0","3600",--,--,--,--,--,--
"Mar 2026","default","0","garudaku_topup","garudaku_topup","hws.service.type.ims","Image Management Service","hws.resource.type.ims","Image Management Service","00301-52558-0--0","Pay-per-Use","Expenditure-use","3a2cc6b1-df2c-4875-83de-8b0bca4ff022","Whitelist_Store_20241030-001",--,"private.image","private image|9.191528GB","ap-southeast-3","AP-Singapore","AZ1","duration","Duration","0.00","Dollar/GB/Hour","2678400.000000","Second","0","0","0.00","0.00","0.00","0.00","0.00","0.00","0.00","0.00",--,"03/01/2026 00:00:00 GMT+08:00","04/01/2026 00:00:00 GMT+08:00","N",--,--,--,--,--,--,"744","Hour","0","0","3600",--,--,--,--,--,--
"Mar 2026","default","0","garudaku_topup","garudaku_topup","hws.service.type.ims","Image Management Service","hws.resource.type.ims","Image Management Service","00301-52558-0--0","Pay-per-Use","Expenditure-use","3225cfb4-4e12-4e8c-b7c4-1afb5a8cf37c","Worker_20250605-001",--,"private.image","private image|24.03199GB","ap-southeast-3","AP-Singapore","AZ1","duration","Duration","0.00","Dollar/GB/Hour","2678400.000000","Second","0","0","0.00","0.00","0.00","0.00","0.00","0.00","0.00","0.00",--,"03/01/2026 00:00:00 GMT+08:00","04/01/2026 00:00:00 GMT+08:00","N",--,--,--,--,--,--,"744","Hour","0","0","3600",--,--,--,--,--,--
"Mar 2026","default","0","garudaku_topup","garudaku_topup","hws.service.type.ims","Image Management Service","hws.resource.type.ims","Image Management Service","00301-52558-0--0","Pay-per-Use","Expenditure-use","311bba90-ff9f-415b-bad3-2e58beeee9da","TopupAPI_20260120.004",--,"private.image","private image|15.690632GB","ap-southeast-3","AP-Singapore","AZ1","duration","Duration","0.00","Dollar/GB/Hour","2678400.000000","Second","0","0","0.00","0.00","0.00","0.00","0.00","0.00","0.00","0.00",--,"03/01/2026 00:00:00 GMT+08:00","04/01/2026 00:00:00 GMT+08:00","N",--,--,--,--,--,--,"744","Hour","0","0","3600",--,--,--,--,--,--
"Mar 2026","default","0","garudaku_topup","garudaku_topup","hws.service.type.ims","Image Management Service","hws.resource.type.ims","Image Management Service","00301-52558-0--0","Pay-per-Use","Expenditure-use","3051615b-e4cc-4419-b610-f2f5a68329e0","TopupAPI_20251205.001",--,"private.image","private image|15.819435GB","ap-southeast-3","AP-Singapore","AZ1","duration","Duration","0.00","Dollar/GB/Hour","2678400.000000","Second","0","0","0.00","0.00","0.00","0.00","0.00","0.00","0.00","0.00",--,"03/01/2026 00:00:00 GMT+08:00","04/01/2026 00:00:00 GMT+08:00","N",--,--,--,--,--,--,"744","Hour","0","0","3600",--,--,--,--,--,--
"Mar 2026","default","0","garudaku_topup","garudaku_topup","hws.service.type.ims","Image Management Service","hws.resource.type.ims","Image Management Service","00301-52558-0--0","Pay-per-Use","Expenditure-use","2ad0e1f9-90a6-4512-a4c4-ecf8afc4b47b","Worker_20241101-001",--,"private.image","private image|22.845211GB","ap-southeast-3","AP-Singapore","AZ1","duration","Duration","0.00","Dollar/GB/Hour","2678400.000000","Second","0","0","0.00","0.00","0.00","0.00","0.00","0.00","0.00","0.00",--,"03/01/2026 00:00:00 GMT+08:00","04/01/2026 00:00:00 GMT+08:00","N",--,--,--,--,--,--,"744","Hour","0","0","3600",--,--,--,--,--,--
"Mar 2026","default","0","garudaku_topup","garudaku_topup","hws.service.type.ims","Image Management Service","hws.resource.type.ims","Image Management Service","00301-52558-0--0","Pay-per-Use","Expenditure-use","2aa4d8d6-c857-4623-8800-1be97260b378","copy_Store_20241008.001",--,"private.image","private image|8.757858GB","ap-southeast-3","AP-Singapore","AZ1","duration","Duration","0.00","Dollar/GB/Hour","2678400.000000","Second","0","0","0.00","0.00","0.00","0.00","0.00","0.00","0.00","0.00",--,"03/01/2026 00:00:00 GMT+08:00","04/01/2026 00:00:00 GMT+08:00","N",--,--,--,--,--,--,"744","Hour","0","0","3600",--,--,--,--,--,--
"Mar 2026","default","0","garudaku_topup","garudaku_topup","hws.service.type.ims","Image Management Service","hws.resource.type.ims","Image Management Service","00301-52558-0--0","Pay-per-Use","Expenditure-use","27480f03-4266-48b2-8d09-a9f857e9a3a7","Topup_Whitelist_20241031-001",--,"private.image","private image|9.190544GB","ap-southeast-3","AP-Singapore","AZ1","duration","Duration","0.00","Dollar/GB/Hour","2678400.000000","Second","0","0","0.00","0.00","0.00","0.00","0.00","0.00","0.00","0.00",--,"03/01/2026 00:00:00 GMT+08:00","04/01/2026 00:00:00 GMT+08:00","N",--,--,--,--,--,--,"744","Hour","0","0","3600",--,--,--,--,--,--
"Mar 2026","default","0","garudaku_topup","garudaku_topup","hws.service.type.ims","Image Management Service","hws.resource.type.ims","Image Management Service","00301-52558-0--0","Pay-per-Use","Expenditure-use","26f6f7b3-32c4-4ce4-9a40-ef9654bd45b8","TopupAPI_20260310.001",--,"private.image","private image|15.709618GB","ap-southeast-3","AP-Singapore","AZ1","duration","Duration","0.00","Dollar/GB/Hour","1769862.000000","Second","0","0","0.00","0.00","0.00","0.00","0.00","0.00","0.00","0.00",--,"03/11/2026 12:22:18 GMT+08:00","04/01/2026 00:00:00 GMT+08:00","N",--,--,--,--,--,--,"491.6283333333","Hour","0","0","3600",--,--,--,--,--,--
"Mar 2026","default","0","garudaku_topup","garudaku_topup","hws.service.type.ims","Image Management Service","hws.resource.type.ims","Image Management Service","00301-52558-0--0","Pay-per-Use","Expenditure-use","23d3b3ca-dc0f-418e-89dd-ea8ebd455adb","TopupAPI_20260127.001",--,"private.image","private image|15.661877GB","ap-southeast-3","AP-Singapore","AZ1","duration","Duration","0.00","Dollar/GB/Hour","2678400.000000","Second","0","0","0.00","0.00","0.00","0.00","0.00","0.00","0.00","0.00",--,"03/01/2026 00:00:00 GMT+08:00","04/01/2026 00:00:00 GMT+08:00","N",--,--,--,--,--,--,"744","Hour","0","0","3600",--,--,--,--,--,--
"Mar 2026","default","0","garudaku_topup","garudaku_topup","hws.service.type.ims","Image Management Service","hws.resource.type.ims","Image Management Service","00301-52558-0--0","Pay-per-Use","Expenditure-use","200a49a5-caa3-4654-a40e-038de708a455","TopupAPI_20251002-001",--,"private.image","private image|15.349117GB","ap-southeast-3","AP-Singapore","AZ1","duration","Duration","0.00","Dollar/GB/Hour","2678400.000000","Second","0","0","0.00","0.00","0.00","0.00","0.00","0.00","0.00","0.00",--,"03/01/2026 00:00:00 GMT+08:00","04/01/2026 00:00:00 GMT+08:00","N",--,--,--,--,--,--,"744","Hour","0","0","3600",--,--,--,--,--,--
"Mar 2026","default","0","garudaku_topup","garudaku_topup","hws.service.type.ims","Image Management Service","hws.resource.type.ims","Image Management Service","00301-52558-0--0","Pay-per-Use","Expenditure-use","1c4883ce-c223-4ece-b24a-547d144a83f8","TopupAPI_20260220.002",--,"private.image","private image|15.660786GB","ap-southeast-3","AP-Singapore","AZ1","duration","Duration","0.00","Dollar/GB/Hour","2678400.000000","Second","0","0","0.00","0.00","0.00","0.00","0.00","0.00","0.00","0.00",--,"03/01/2026 00:00:00 GMT+08:00","04/01/2026 00:00:00 GMT+08:00","N",--,--,--,--,--,--,"744","Hour","0","0","3600",--,--,--,--,--,--
"Mar 2026","default","0","garudaku_topup","garudaku_topup","hws.service.type.ims","Image Management Service","hws.resource.type.ims","Image Management Service","00301-52558-0--0","Pay-per-Use","Expenditure-use","1abf1378-90db-497f-b75d-3df7661952d6","TopupAPI_20260131.001",--,"private.image","private image|15.698227GB","ap-southeast-3","AP-Singapore","AZ1","duration","Duration","0.00","Dollar/GB/Hour","2678400.000000","Second","0","0","0.00","0.00","0.00","0.00","0.00","0.00","0.00","0.00",--,"03/01/2026 00:00:00 GMT+08:00","04/01/2026 00:00:00 GMT+08:00","N",--,--,--,--,--,--,"744","Hour","0","0","3600",--,--,--,--,--,--
"Mar 2026","default","0","garudaku_topup","garudaku_topup","hws.service.type.ims","Image Management Service","hws.resource.type.ims","Image Management Service","00301-52558-0--0","Pay-per-Use","Expenditure-use","1a259a75-847d-48ff-b7e0-07162f3718af","TopupAPI_20251110.001",--,"private.image","private image|15.945099GB","ap-southeast-3","AP-Singapore","AZ1","duration","Duration","0.00","Dollar/GB/Hour","2678400.000000","Second","0","0","0.00","0.00","0.00","0.00","0.00","0.00","0.00","0.00",--,"03/01/2026 00:00:00 GMT+08:00","04/01/2026 00:00:00 GMT+08:00","N",--,--,--,--,--,--,"744","Hour","0","0","3600",--,--,--,--,--,--
"Mar 2026","default","0","garudaku_topup","garudaku_topup","hws.service.type.ims","Image Management Service","hws.resource.type.ims","Image Management Service","00301-52558-0--0","Pay-per-Use","Expenditure-use","19a55d56-b457-4ce8-97f0-fcd7d297e9fd","Platform_20241101-001",--,"private.image","private image|18.89959GB","ap-southeast-3","AP-Singapore","AZ1","duration","Duration","0.00","Dollar/GB/Hour","2678400.000000","Second","0","0","0.00","0.00","0.00","0.00","0.00","0.00","0.00","0.00",--,"03/01/2026 00:00:00 GMT+08:00","04/01/2026 00:00:00 GMT+08:00","N",--,--,--,--,--,--,"744","Hour","0","0","3600",--,--,--,--,--,--
"Mar 2026","default","0","garudaku_topup","garudaku_topup","hws.service.type.ims","Image Management Service","hws.resource.type.ims","Image Management Service","00301-52558-0--0","Pay-per-Use","Expenditure-use","171e7413-9eee-43ce-a4d7-4779d576bacb","TopupAPI_20260131.001",--,"private.image","private image|15.698814GB","ap-southeast-3","AP-Singapore","AZ1","duration","Duration","0.00","Dollar/GB/Hour","2678400.000000","Second","0","0","0.00","0.00","0.00","0.00","0.00","0.00","0.00","0.00",--,"03/01/2026 00:00:00 GMT+08:00","04/01/2026 00:00:00 GMT+08:00","N",--,--,--,--,--,--,"744","Hour","0","0","3600",--,--,--,--,--,--
"Mar 2026","default","0","garudaku_topup","garudaku_topup","hws.service.type.ims","Image Management Service","hws.resource.type.ims","Image Management Service","00301-52558-0--0","Pay-per-Use","Expenditure-use","16d5bc08-a73f-4193-8595-2a8930ed843c","TopupAPI_20251102.001",--,"private.image","private image|15.980721GB","ap-southeast-3","AP-Singapore","AZ1","duration","Duration","0.00","Dollar/GB/Hour","2678400.000000","Second","0","0","0.00","0.00","0.00","0.00","0.00","0.00","0.00","0.00",--,"03/01/2026 00:00:00 GMT+08:00","04/01/2026 00:00:00 GMT+08:00","N",--,--,--,--,--,--,"744","Hour","0","0","3600",--,--,--,--,--,--
"Mar 2026","default","0","garudaku_topup","garudaku_topup","hws.service.type.ims","Image Management Service","hws.resource.type.ims","Image Management Service","00301-52558-0--0","Pay-per-Use","Expenditure-use","15e5cd6c-4191-4328-93a0-5b257e2817ec","TopupAPI_20260313.001",--,"private.image","private image|15.705936GB","ap-southeast-3","AP-Singapore","AZ1","duration","Duration","0.00","Dollar/GB/Hour","1579447.000000","Second","0","0","0.00","0.00","0.00","0.00","0.00","0.00","0.00","0.00",--,"03/13/2026 17:15:53 GMT+08:00","04/01/2026 00:00:00 GMT+08:00","N",--,--,--,--,--,--,"438.7352777777","Hour","0","0","3600",--,--,--,--,--,--
"Mar 2026","default","0","garudaku_topup","garudaku_topup","hws.service.type.ims","Image Management Service","hws.resource.type.ims","Image Management Service","00301-52558-0--0","Pay-per-Use","Expenditure-use","0d818e58-fe74-4135-8f10-6fa3c275fd93","TopupAPI_20251102.002",--,"private.image","private image|15.98003GB","ap-southeast-3","AP-Singapore","AZ1","duration","Duration","0.00","Dollar/GB/Hour","2678400.000000","Second","0","0","0.00","0.00","0.00","0.00","0.00","0.00","0.00","0.00",--,"03/01/2026 00:00:00 GMT+08:00","04/01/2026 00:00:00 GMT+08:00","N",--,--,--,--,--,--,"744","Hour","0","0","3600",--,--,--,--,--,--
"Mar 2026","default","0","garudaku_topup","garudaku_topup","hws.service.type.ims","Image Management Service","hws.resource.type.ims","Image Management Service","00301-52558-0--0","Pay-per-Use","Expenditure-use","0a81dc83-04f3-4a84-9b27-a91cea2213d3","TopupAPI_20250828-001",--,"private.image","private image|14.391739GB","ap-southeast-3","AP-Singapore","AZ1","duration","Duration","0.00","Dollar/GB/Hour","2678400.000000","Second","0","0","0.00","0.00","0.00","0.00","0.00","0.00","0.00","0.00",--,"03/01/2026 00:00:00 GMT+08:00","04/01/2026 00:00:00 GMT+08:00","N",--,--,--,--,--,--,"744","Hour","0","0","3600",--,--,--,--,--,--
"Mar 2026","default","0","garudaku_topup","garudaku_topup","hws.service.type.ims","Image Management Service","hws.resource.type.ims","Image Management Service","00301-52558-0--0","Pay-per-Use","Expenditure-use","06b0c71e-d101-4ed4-a033-82d8d06e01c8","Worker_20241107-001",--,"private.image","private image|22.964119GB","ap-southeast-3","AP-Singapore","AZ1","duration","Duration","0.00","Dollar/GB/Hour","2678400.000000","Second","0","0","0.00","0.00","0.00","0.00","0.00","0.00","0.00","0.00",--,"03/01/2026 00:00:00 GMT+08:00","04/01/2026 00:00:00 GMT+08:00","N",--,--,--,--,--,--,"744","Hour","0","0","3600",--,--,--,--,--,--
"Mar 2026","default","0","garudaku_topup","garudaku_topup","hws.service.type.ims","Image Management Service","hws.resource.type.ims","Image Management Service","00301-52558-0--0","Pay-per-Use","Expenditure-use","06777d51-47e4-4bd3-bef0-7fb1cfbf08cc","TopupAPI_20251124.001",--,"private.image","private image|16.111416GB","ap-southeast-3","AP-Singapore","AZ1","duration","Duration","0.00","Dollar/GB/Hour","2678400.000000","Second","0","0","0.00","0.00","0.00","0.00","0.00","0.00","0.00","0.00",--,"03/01/2026 00:00:00 GMT+08:00","04/01/2026 00:00:00 GMT+08:00","N",--,--,--,--,--,--,"744","Hour","0","0","3600",--,--,--,--,--,--
"Mar 2026","default","0","garudaku_topup","garudaku_topup","hws.service.type.ims","Image Management Service","hws.resource.type.ims","Image Management Service","00301-52558-0--0","Pay-per-Use","Expenditure-use","0286ed62-4386-4161-9884-fa3e53b2338a","TopupAPI_20251217.001",--,"private.image","private image|15.803246GB","ap-southeast-3","AP-Singapore","AZ1","duration","Duration","0.00","Dollar/GB/Hour","2678400.000000","Second","0","0","0.00","0.00","0.00","0.00","0.00","0.00","0.00","0.00",--,"03/01/2026 00:00:00 GMT+08:00","04/01/2026 00:00:00 GMT+08:00","N",--,--,--,--,--,--,"744","Hour","0","0","3600",--,--,--,--,--,--
"Mar 2026","default","0","garudaku_topup","garudaku_topup","hws.service.type.ims","Image Management Service","hws.resource.type.ims","Image Management Service","00301-52558-0--0","Pay-per-Use","Expenditure-use","023a4cee-c03b-4c8f-b1fe-70e96365e876","TopupAPI_20260120.004",--,"private.image","private image|15.690453GB","ap-southeast-3","AP-Singapore","AZ1","duration","Duration","0.00","Dollar/GB/Hour","2678400.000000","Second","0","0","0.00","0.00","0.00","0.00","0.00","0.00","0.00","0.00",--,"03/01/2026 00:00:00 GMT+08:00","04/01/2026 00:00:00 GMT+08:00","N",--,--,--,--,--,--,"744","Hour","0","0","3600",--,--,--,--,--,--
"Mar 2026","default","0","garudaku_topup","garudaku_topup","hws.service.type.elb","Elastic Load Balance","hws.resource.type.elbv3","Dedicated Load balancer","OFFI677487115105853449","Pay-per-Use","Expenditure-use","0d49b050-d20f-41c7-9846-fd3ff812ee55","elb-database",--,"elbv3.basic.2az","Dedicated Load balancer 2 AZ|10PCS","ap-southeast-3","AP-Singapore",--,"l4_lcu_duration","l4_lcu_duration","0.0139","Dollar/PCS/Hour","2678400.000000","Second","0","0","103.416","0.00","103.416","0.00","0.00","0.00","103.416","0.00",--,"03/01/2026 00:00:00 GMT+08:00","04/01/2026 00:00:00 GMT+08:00","N",--,--,--,--,--,--,"744","Hour","0","0","3600",--,--,--,--,--,--
"Mar 2026","default","0","garudaku_topup","garudaku_topup","hws.service.type.elb","Elastic Load Balance","hws.resource.type.elbv3","Dedicated Load balancer","OFFI677487115105853449","Pay-per-Use","Expenditure-use","0d49b050-d20f-41c7-9846-fd3ff812ee55","elb-database",--,"elbv3.basic.2az","Dedicated Load balancer 2 AZ","ap-southeast-3","AP-Singapore",--,"instance_duration","instance_duration","0.00","Dollar/Hour","2678400.000000","Second","0","0","0.00","0.00","0.00","0.00","0.00","0.00","0.00","0.00",--,"03/01/2026 00:00:00 GMT+08:00","04/01/2026 00:00:00 GMT+08:00","N",--,--,--,--,--,--,"744","Hour","0","0","3600",--,--,--,--,--,--
"Mar 2026","default","0","garudaku_topup","garudaku_topup","hws.service.type.elb","Elastic Load Balance","hws.resource.type.elbv2","Shared Load Balancer","OFFI829915088327180288","Pay-per-Use","Expenditure-use","64def881-9e20-41a1-abcb-5f4cc3fe34ab","elb-topup-api",--,"elbv2.basic.default","Basic Loadbalancer","ap-southeast-3","AP-Singapore","AZ1","duration","Duration","0.053","Dollar/Hour","2678400.000000","Second","0","0","39.432","0.00","39.432","0.00","0.00","0.00","39.432","0.00",--,"03/01/2026 00:00:00 GMT+08:00","04/01/2026 00:00:00 GMT+08:00","N",--,--,--,--,--,--,"744","Hour","0","0","3600",--,--,--,--,--,--
"Mar 2026","default","0","garudaku_topup","garudaku_topup","hws.service.type.ec2","Elastic Cloud Server","hws.resource.type.vm","Cloud Host","00301-145103-0--0","Pay-per-Use","Expenditure-use","f5451ca6-619e-44ef-8e90-a42f7c215ff4","ecs-master-ssr",--,"s6.2xlarge.2.linux","Normal|s6.2xlarge.2|8vCPUs|16GB|linux","ap-southeast-3","AP-Singapore","AZ1","Duration","Duration","0.264","Dollar/Hour","2379333.000000","Second","0","0","174.48442","0.00","174.48442","0.00","0.00","0.00","174.48442","0.00",--,"03/04/2026 11:04:27 GMT+08:00","04/01/2026 00:00:00 GMT+08:00","N",--,--,--,--,--,--,"660.9258333333","Hour","0","0","3600",--,--,--,--,--,--
"Mar 2026","default","0","garudaku_topup","garudaku_topup","hws.service.type.ec2","Elastic Cloud Server","hws.resource.type.vm","Cloud Host","00301-122037-0--0","Pay-per-Use","Expenditure-use","ea26c135-9768-41d8-8489-bd2f2b3027cd","as-config-topup-api_20260223-002-2B0GGXVC",--,"c6.xlarge.4.linux","General Computing Enhaced|c6.xlarge.4|4vCPUs|16GB|linux","ap-southeast-3","AP-Singapore","AZ1","Duration","Duration","0.228","Dollar/Hour","2.000000","Second","0","0","0.00012666","0.00","0.00012666","0.00","0.00","0.00","0.00012666","0.00",--,"03/05/2026 18:16:00 GMT+08:00","03/05/2026 18:16:02 GMT+08:00","N",--,--,--,--,--,--,"0.0005555555","Hour","0","0","3600",--,--,--,--,--,--
"Mar 2026","default","0","garudaku_topup","garudaku_topup","hws.service.type.ec2","Elastic Cloud Server","hws.resource.type.vm","Cloud Host","00301-122037-0--0","Pay-per-Use","Expenditure-use","ea26c135-9768-41d8-8489-bd2f2b3027cd","as-config-topup-api_20260223-002-2B0GGXVC","_sys_as_managed:true;","c6.xlarge.4.linux","General Computing Enhaced|c6.xlarge.4|4vCPUs|16GB|linux","ap-southeast-3","AP-Singapore","AZ1","Duration","Duration","0.228","Dollar/Hour","411360.000000","Second","0","0","26.0528","0.00","26.0528","0.00","0.00","0.00","26.0528","0.00",--,"03/01/2026 00:00:00 GMT+08:00","03/05/2026 18:16:00 GMT+08:00","N",--,--,--,--,--,--,"114.2666666666","Hour","0","0","3600",--,--,--,--,--,--
"Mar 2026","default","0","garudaku_topup","garudaku_topup","hws.service.type.ec2","Elastic Cloud Server","hws.resource.type.vm","Cloud Host","00301-122037-0--0","Pay-per-Use","Expenditure-use","da66da8a-9db6-4fdc-b375-6fc12167ea21","as-config-topup-api_20260311-001-GPYSQ94Z",--,"c6.xlarge.4.linux","General Computing Enhaced|c6.xlarge.4|4vCPUs|16GB|linux","ap-southeast-3","AP-Singapore","AZ5","Duration","Duration","0.228","Dollar/Hour","3.000000","Second","0","0","0.00018999","0.00","0.00018999","0.00","0.00","0.00","0.00018999","0.00",--,"03/13/2026 14:31:49 GMT+08:00","03/13/2026 17:31:02 GMT+08:00","N",--,--,--,--,--,--,"0.0008333333","Hour","0","0","3600",--,--,--,--,--,--
"Mar 2026","default","0","garudaku_topup","garudaku_topup","hws.service.type.ec2","Elastic Cloud Server","hws.resource.type.vm","Cloud Host","00301-122037-0--0","Pay-per-Use","Expenditure-use","da66da8a-9db6-4fdc-b375-6fc12167ea21","as-config-topup-api_20260311-001-GPYSQ94Z","_sys_as_managed:true;","c6.xlarge.4.linux","General Computing Enhaced|c6.xlarge.4|4vCPUs|16GB|linux","ap-southeast-3","AP-Singapore","AZ5","Duration","Duration","0.228","Dollar/Hour","10750.000000","Second","0","0","0.68083333","0.00","0.68083333","0.00","0.00","0.00","0.68083333","0.00",--,"03/13/2026 14:31:50 GMT+08:00","03/13/2026 17:31:00 GMT+08:00","N",--,--,--,--,--,--,"2.9861111111","Hour","0","0","3600",--,--,--,--,--,--
"Mar 2026","default","0","garudaku_topup","garudaku_topup","hws.service.type.ec2","Elastic Cloud Server","hws.resource.type.vm","Cloud Host","00301-122037-0--0","Pay-per-Use","Expenditure-use","d644fac0-d5a3-432c-8ea7-7fc9f5d94fcb","as-config-topup-api_20260223-002-001-GJAY5VXZ",--,"c6.xlarge.4.linux","General Computing Enhaced|c6.xlarge.4|4vCPUs|16GB|linux","ap-southeast-3","AP-Singapore","AZ5","Duration","Duration","0.228","Dollar/Hour","3.000000","Second","0","0","0.00018999","0.00","0.00018999","0.00","0.00","0.00","0.00018999","0.00",--,"03/05/2026 17:47:51 GMT+08:00","03/11/2026 14:26:22 GMT+08:00","N",--,--,--,--,--,--,"0.0008333333","Hour","0","0","3600",--,--,--,--,--,--
"Mar 2026","default","0","garudaku_topup","garudaku_topup","hws.service.type.ec2","Elastic Cloud Server","hws.resource.type.vm","Cloud Host","00301-122037-0--0","Pay-per-Use","Expenditure-use","d644fac0-d5a3-432c-8ea7-7fc9f5d94fcb","as-config-topup-api_20260223-002-001-GJAY5VXZ","_sys_as_managed:true;","c6.xlarge.4.linux","General Computing Enhaced|c6.xlarge.4|4vCPUs|16GB|linux","ap-southeast-3","AP-Singapore","AZ5","Duration","Duration","0.228","Dollar/Hour","506308.000000","Second","0","0","32.06617332","0.00","32.06617332","0.00","0.00","0.00","32.06617332","0.00",--,"03/05/2026 17:47:52 GMT+08:00","03/11/2026 14:26:20 GMT+08:00","N",--,--,--,--,--,--,"140.6411111111","Hour","0","0","3600",--,--,--,--,--,--
"Mar 2026","default","0","garudaku_topup","garudaku_topup","hws.service.type.ec2","Elastic Cloud Server","hws.resource.type.vm","Cloud Host","00301-145110-0--0","Pay-per-Use","Expenditure-use","ca3b20df-a14b-42b2-9e5d-928685585470","master-topup-api",--,"s6.xlarge.4.linux","Normal|s6.xlarge.4|4vCPUs|16GB|linux","ap-southeast-3","AP-Singapore","AZ5","Duration","Duration","0.16","Dollar/Hour","2678400.000000","Second","0","0","119.04","0.00","119.04","0.00","0.00","0.00","119.04","0.00",--,"03/01/2026 00:00:00 GMT+08:00","04/01/2026 00:00:00 GMT+08:00","N",--,--,--,--,--,--,"744","Hour","0","0","3600",--,--,--,--,--,--
"Mar 2026","default","0","garudaku_topup","garudaku_topup","hws.service.type.ec2","Elastic Cloud Server","hws.resource.type.vm","Cloud Host","00301-122037-0--0","Pay-per-Use","Expenditure-use","b0f2742c-a73a-4e42-9f3b-a948bd6b7e0e","as-config-topup-api_20260310-001-D8TFP7L1",--,"c6.xlarge.4.linux","General Computing Enhaced|c6.xlarge.4|4vCPUs|16GB|linux","ap-southeast-3","AP-Singapore","AZ1","Duration","Duration","0.228","Dollar/Hour","3.000000","Second","0","0","0.00018999","0.00","0.00018999","0.00","0.00","0.00","0.00018999","0.00",--,"03/11/2026 14:25:11 GMT+08:00","03/13/2026 14:33:02 GMT+08:00","N",--,--,--,--,--,--,"0.0008333333","Hour","0","0","3600",--,--,--,--,--,--
"Mar 2026","default","0","garudaku_topup","garudaku_topup","hws.service.type.ec2","Elastic Cloud Server","hws.resource.type.vm","Cloud Host","00301-122037-0--0","Pay-per-Use","Expenditure-use","b0f2742c-a73a-4e42-9f3b-a948bd6b7e0e","as-config-topup-api_20260310-001-D8TFP7L1","_sys_as_managed:true;","c6.xlarge.4.linux","General Computing Enhaced|c6.xlarge.4|4vCPUs|16GB|linux","ap-southeast-3","AP-Singapore","AZ1","Duration","Duration","0.228","Dollar/Hour","173268.000000","Second","0","0","10.97364","0.00","10.97364","0.00","0.00","0.00","10.97364","0.00",--,"03/11/2026 14:25:12 GMT+08:00","03/13/2026 14:33:00 GMT+08:00","N",--,--,--,--,--,--,"48.13","Hour","0","0","3600",--,--,--,--,--,--
"Mar 2026","default","0","garudaku_topup","garudaku_topup","hws.service.type.ec2","Elastic Cloud Server","hws.resource.type.vm","Cloud Host","00301-52271-0--0","Pay-per-Use","Expenditure-use","a57d459d-abba-486f-9ba1-91c055f34a39","Development-Server",--,"s3.2xlarge.4.linux","General Computing|s3.2xlarge.4|8vCPUs|32GB|linux","ap-southeast-3","AP-Singapore","AZ1","Duration","Duration","0.32","Dollar/Hour","2678400.000000","Second","0","0","238.08","0.00","238.08","0.00","0.00","0.00","238.08","0.00",--,"03/01/2026 00:00:00 GMT+08:00","04/01/2026 00:00:00 GMT+08:00","N",--,--,--,--,--,--,"744","Hour","0","0","3600",--,--,--,--,--,--
"Mar 2026","default","0","garudaku_topup","garudaku_topup","hws.service.type.ec2","Elastic Cloud Server","hws.resource.type.vm","Cloud Host","00301-52272-0--0","Pay-per-Use","Expenditure-use","6f746994-7f6d-4247-b090-8d75775fdbd6","WHITELIST-SERVER",--,"s3.xlarge.4.linux","General Computing|s3.xlarge.4|4vCPUs|16GB|linux","ap-southeast-3","AP-Singapore","AZ1","Duration","Duration","0.16","Dollar/Hour","2678400.000000","Second","0","0","119.04","0.00","119.04","0.00","0.00","0.00","119.04","0.00",--,"03/01/2026 00:00:00 GMT+08:00","04/01/2026 00:00:00 GMT+08:00","N",--,--,--,--,--,--,"744","Hour","0","0","3600",--,--,--,--,--,--
"Mar 2026","default","0","garudaku_topup","garudaku_topup","hws.service.type.ec2","Elastic Cloud Server","hws.resource.type.vm","Cloud Host","00301-122037-0--0","Pay-per-Use","Expenditure-use","6582c82d-4b53-4593-a03f-62be78a321de","as-config-topup-api_20260313-001-IX3MH77J",--,"c6.xlarge.4.linux","General Computing Enhaced|c6.xlarge.4|4vCPUs|16GB|linux","ap-southeast-3","AP-Singapore","AZ1","Duration","Duration","0.228","Dollar/Hour","2.000000","Second","0","0","0.00012666","0.00","0.00012666","0.00","0.00","0.00","0.00012666","0.00",--,"03/13/2026 17:29:53 GMT+08:00","03/13/2026 17:29:55 GMT+08:00","N",--,--,--,--,--,--,"0.0005555555","Hour","0","0","3600",--,--,--,--,--,--
"Mar 2026","default","0","garudaku_topup","garudaku_topup","hws.service.type.ec2","Elastic Cloud Server","hws.resource.type.vm","Cloud Host","00301-122037-0--0","Pay-per-Use","Expenditure-use","6582c82d-4b53-4593-a03f-62be78a321de","as-config-topup-api_20260313-001-IX3MH77J","_sys_as_managed:true;","c6.xlarge.4.linux","General Computing Enhaced|c6.xlarge.4|4vCPUs|16GB|linux","ap-southeast-3","AP-Singapore","AZ1","Duration","Duration","0.228","Dollar/Hour","1578605.000000","Second","0","0","99.97831666","0.00","99.97831666","0.00","0.00","0.00","99.97831666","0.00",--,"03/13/2026 17:29:55 GMT+08:00","04/01/2026 00:00:00 GMT+08:00","N",--,--,--,--,--,--,"438.5013888888","Hour","0","0","3600",--,--,--,--,--,--
"Mar 2026","default","0","garudaku_topup","garudaku_topup","hws.service.type.ec2","Elastic Cloud Server","hws.resource.type.vm","Cloud Host","00301-145109-0--0","Pay-per-Use","Expenditure-use","639072ad-c4b1-4ef9-8b4a-013cf9f15b6a","platform",--,"s6.large.4.linux","Normal|s6.large.4|2vCPUs|8GB|linux","ap-southeast-3","AP-Singapore","AZ1","Duration","Duration","0.08","Dollar/Hour","2678400.000000","Second","0","0","59.52","0.00","59.52","0.00","0.00","0.00","59.52","0.00",--,"03/01/2026 00:00:00 GMT+08:00","04/01/2026 00:00:00 GMT+08:00","N",--,--,--,--,--,--,"744","Hour","0","0","3600",--,--,--,--,--,--
"Mar 2026","default","0","garudaku_topup","garudaku_topup","hws.service.type.ec2","Elastic Cloud Server","hws.resource.type.vm","Cloud Host","00301-122029-0--0","Pay-per-Use","Expenditure-use","5cf613b1-8ce2-4998-b0a2-ec35897c8313","master-worker-w-scheduler",--,"c6.xlarge.2.linux","General Computing Enhaced|c6.xlarge.2|4vCPUs|8GB|linux","ap-southeast-3","AP-Singapore","AZ1","Duration","Duration","0.186","Dollar/Hour","2678400.000000","Second","0","0","138.384","0.00","138.384","0.00","0.00","0.00","138.384","0.00",--,"03/01/2026 00:00:00 GMT+08:00","04/01/2026 00:00:00 GMT+08:00","N",--,--,--,--,--,--,"744","Hour","0","0","3600",--,--,--,--,--,--
"Mar 2026","default","0","garudaku_topup","garudaku_topup","hws.service.type.ec2","Elastic Cloud Server","hws.resource.type.vm","Cloud Host","00301-145110-0--0","Pay-per-Use","Expenditure-use","4937f3e7-f3b0-424a-b3d7-80148ea857b7","as-config-topup-api_20251002-001-1BMBTL88",--,"s6.xlarge.4.linux","Normal|s6.xlarge.4|4vCPUs|16GB|linux","ap-southeast-3","AP-Singapore","AZ5","Duration","Duration","0.16","Dollar/Hour","2678400.000000","Second","0","0","119.04","0.00","119.04","0.00","0.00","0.00","119.04","0.00",--,"03/01/2026 00:00:00 GMT+08:00","04/01/2026 00:00:00 GMT+08:00","N",--,--,--,--,--,--,"744","Hour","0","0","3600",--,--,--,--,--,--
"Mar 2026","default","0","garudaku_topup","garudaku_topup","hws.service.type.ebs","Elastic Volume Service","hws.resource.type.volume","Volume","00301-52078-0--0","Pay-per-Use","Expenditure-use","f21cb2d9-2d57-4d5f-bda3-ac3a239fb91b","as-config-topup-api_20260313-001-IX3MH77J",--,"SAS","High IO|100GB","ap-southeast-3","AP-Singapore","AZ1","Duration","Duration","0.00007","Dollar/GB/Hour","1578618.000000","Second","0","0","3.06953499","0.00","3.06953499","0.00","0.00","0.00","3.06953499","0.00",--,"03/13/2026 17:29:42 GMT+08:00","04/01/2026 00:00:00 GMT+08:00","N",--,--,--,--,--,--,"438.505","Hour","0","0","3600",--,--,--,--,--,--
"Mar 2026","default","0","garudaku_topup","garudaku_topup","hws.service.type.ebs","Elastic Volume Service","hws.resource.type.volume","Volume","00301-52078-0--0","Pay-per-Use","Expenditure-use","ed55cea9-b181-497c-baca-46b67f118edc","as-config-worker-store-20241030-001-NGW0CNQ7",--,"SAS","High IO|100GB","ap-southeast-3","AP-Singapore","AZ1","Duration","Duration","0.00007","Dollar/GB/Hour","2678400.000000","Second","0","0","5.208","0.00","5.208","0.00","0.00","0.00","5.208","0.00",--,"03/01/2026 00:00:00 GMT+08:00","04/01/2026 00:00:00 GMT+08:00","N",--,--,--,--,--,--,"744","Hour","0","0","3600",--,--,--,--,--,--
"Mar 2026","default","0","garudaku_topup","garudaku_topup","hws.service.type.ebs","Elastic Volume Service","hws.resource.type.volume","Volume","00301-163783-0--0","Pay-per-Use","Expenditure-use","e032c2b8-94ef-4826-aec1-0799833f1e57","Development-Server",--,"GPSSD","General Purpose SSD|1024GB","ap-southeast-3","AP-Singapore","AZ1","Duration","Duration","0.000157","Dollar/GB/Hour","2678400.000000","Second","0","0","119.611392","0.00","119.611392","0.00","0.00","0.00","119.611392","0.00",--,"03/01/2026 00:00:00 GMT+08:00","04/01/2026 00:00:00 GMT+08:00","N",--,--,--,--,--,--,"744","Hour","0","0","3600",--,--,--,--,--,--
"Mar 2026","default","0","garudaku_topup","garudaku_topup","hws.service.type.ebs","Elastic Volume Service","hws.resource.type.volume","Volume","00301-52078-0--0","Pay-per-Use","Expenditure-use","be35c28d-de0a-44d4-af61-c714f769a2f7","as-config-topup-api_20260311-001-GPYSQ94Z",--,"SAS","High IO|100GB","ap-southeast-3","AP-Singapore","AZ5","Duration","Duration","0.00007","Dollar/GB/Hour","10766.000000","Second","0","0","0.02093388","0.00","0.02093388","0.00","0.00","0.00","0.02093388","0.00",--,"03/13/2026 14:31:40 GMT+08:00","03/13/2026 17:31:06 GMT+08:00","N",--,--,--,--,--,--,"2.9905555555","Hour","0","0","3600",--,--,--,--,--,--
"Mar 2026","default","0","garudaku_topup","garudaku_topup","hws.service.type.ebs","Elastic Volume Service","hws.resource.type.volume","Volume","00301-52078-0--0","Pay-per-Use","Expenditure-use","72ba872f-ef85-4f5c-a760-e32ad9d4ff97","as-config-topup-api_20251002-001-1BMBTL88",--,"SAS","High IO|100GB","ap-southeast-3","AP-Singapore","AZ5","Duration","Duration","0.00007","Dollar/GB/Hour","2678400.000000","Second","0","0","5.208","0.00","5.208","0.00","0.00","0.00","5.208","0.00",--,"03/01/2026 00:00:00 GMT+08:00","04/01/2026 00:00:00 GMT+08:00","N",--,--,--,--,--,--,"744","Hour","0","0","3600",--,--,--,--,--,--
"Mar 2026","default","0","garudaku_topup","garudaku_topup","hws.service.type.ebs","Elastic Volume Service","hws.resource.type.volume","Volume","00301-52078-0--0","Pay-per-Use","Expenditure-use","72964a41-d545-4d36-a69c-336bc05aecfe","as-config-topup-api_20260223-002-2B0GGXVC",--,"SAS","High IO|100GB","ap-southeast-3","AP-Singapore","AZ1","Duration","Duration","0.00007","Dollar/GB/Hour","411365.000000","Second","0","0","0.79987638","0.00","0.79987638","0.00","0.00","0.00","0.79987638","0.00",--,"03/01/2026 00:00:00 GMT+08:00","03/05/2026 18:16:05 GMT+08:00","N",--,--,--,--,--,--,"114.2680555555","Hour","0","0","3600",--,--,--,--,--,--
"Mar 2026","default","0","garudaku_topup","garudaku_topup","hws.service.type.ebs","Elastic Volume Service","hws.resource.type.volume","Volume","00301-52078-0--0","Pay-per-Use","Expenditure-use","604cdc9b-809c-460d-a959-4301c44497cd","as-config-topup-api_20260223-002-001-GJAY5VXZ",--,"SAS","High IO|100GB","ap-southeast-3","AP-Singapore","AZ5","Duration","Duration","0.00007","Dollar/GB/Hour","506323.000000","Second","0","0","0.98451693","0.00","0.98451693","0.00","0.00","0.00","0.98451693","0.00",--,"03/05/2026 17:47:42 GMT+08:00","03/11/2026 14:26:25 GMT+08:00","N",--,--,--,--,--,--,"140.6452777777","Hour","0","0","3600",--,--,--,--,--,--
"Mar 2026","default","0","garudaku_topup","garudaku_topup","hws.service.type.ebs","Elastic Volume Service","hws.resource.type.volume","Volume","00301-52078-0--0","Pay-per-Use","Expenditure-use","2a78446f-7967-45cf-bf27-84a0fff5f23b","as-config-topup-api_20250121-002-205X2GP5",--,"SAS","High IO|100GB","ap-southeast-3","AP-Singapore","AZ5","Duration","Duration","0.00007","Dollar/GB/Hour","2678400.000000","Second","0","0","5.208","0.00","5.208","0.00","0.00","0.00","5.208","0.00",--,"03/01/2026 00:00:00 GMT+08:00","04/01/2026 00:00:00 GMT+08:00","N",--,--,--,--,--,--,"744","Hour","0","0","3600",--,--,--,--,--,--
"Mar 2026","default","0","garudaku_topup","garudaku_topup","hws.service.type.ebs","Elastic Volume Service","hws.resource.type.volume","Volume","00301-52078-0--0","Pay-per-Use","Expenditure-use","296117f7-3749-4299-89f7-95ddd74d9302","as-config-topup-api_20260310-001-D8TFP7L1",--,"SAS","High IO|100GB","ap-southeast-3","AP-Singapore","AZ1","Duration","Duration","0.00007","Dollar/GB/Hour","173307.000000","Second","0","0","0.33698582","0.00","0.33698582","0.00","0.00","0.00","0.33698582","0.00",--,"03/11/2026 14:24:50 GMT+08:00","03/13/2026 14:33:17 GMT+08:00","N",--,--,--,--,--,--,"48.1408333333","Hour","0","0","3600",--,--,--,--,--,--
"Mar 2026","default","0","garudaku_topup","garudaku_topup","hws.service.type.ebs","Elastic Volume Service","hws.resource.type.volume","Volume","00301-163783-0--0","Pay-per-Use","Expenditure-use","20464a9e-ef85-4c22-8bd0-1cf687d956ee","WHITELIST-SERVER",--,"GPSSD","General Purpose SSD|100GB","ap-southeast-3","AP-Singapore","AZ1","Duration","Duration","0.000157","Dollar/GB/Hour","2678400.000000","Second","0","0","11.6808","0.00","11.6808","0.00","0.00","0.00","11.6808","0.00",--,"03/01/2026 00:00:00 GMT+08:00","04/01/2026 00:00:00 GMT+08:00","N",--,--,--,--,--,--,"744","Hour","0","0","3600",--,--,--,--,--,--
"Mar 2026","default","0","garudaku_topup","garudaku_topup","hws.service.type.ebs","Elastic Volume Service","hws.resource.type.volume","Volume","00301-163783-0--0","Pay-per-Use","Expenditure-use","1e2da4d3-27d7-4b35-8a8b-413eb2a97f63","ecs-master-ssr",--,"GPSSD","General Purpose SSD|100GB","ap-southeast-3","AP-Singapore","AZ1","Duration","Duration","0.000157","Dollar/GB/Hour","2379348.000000","Second","0","0","10.37660099","0.00","10.37660099","0.00","0.00","0.00","10.37660099","0.00",--,"03/04/2026 11:04:12 GMT+08:00","04/01/2026 00:00:00 GMT+08:00","N",--,--,--,--,--,--,"660.93","Hour","0","0","3600",--,--,--,--,--,--
"Mar 2026","default","0","garudaku_topup","garudaku_topup","hws.service.type.ebs","Elastic Volume Service","hws.resource.type.volume","Volume","00301-163783-0--0","Pay-per-Use","Expenditure-use","10b8598b-9a49-4d25-854f-3bad69fb3a60","platform",--,"GPSSD","General Purpose SSD|100GB","ap-southeast-3","AP-Singapore","AZ1","Duration","Duration","0.000157","Dollar/GB/Hour","2678400.000000","Second","0","0","11.6808","0.00","11.6808","0.00","0.00","0.00","11.6808","0.00",--,"03/01/2026 00:00:00 GMT+08:00","04/01/2026 00:00:00 GMT+08:00","N",--,--,--,--,--,--,"744","Hour","0","0","3600",--,--,--,--,--,--
"Mar 2026","default","0","garudaku_topup","garudaku_topup","hws.service.type.dcs","Distributed Cache Service","hws.resource.type.dcs3","Distributed Cache Service V2","00301-82104-0--0","Pay-per-Use","Expenditure-use","b3b27cbf-fc72-4475-9cbb-5d30e504a933","dcs-topup",--,"redis.single.xu1.large.1","DCS Single Node 1GB (X86 version)Instance","ap-southeast-3","AP-Singapore","AZ1","Duration","Duration","0.017","Dollar/Hour","2678400.000000","Second","0","0","12.648","0.00","12.648","0.00","0.00","0.00","12.648","0.00",--,"03/01/2026 00:00:00 GMT+08:00","04/01/2026 00:00:00 GMT+08:00","N",--,--,--,--,--,--,"744","Hour","0","0","3600",--,--,--,--,--,--
"Mar 2026","Non-project",--,"garudaku_topup","garudaku_topup","hws.service.type.ces","Cloud Eye","hws.resource.type.ces.configure","Cloud Eye Configure","00301-52520-0--0","Pay-per-Use","Expenditure-use","bb728e07-880e-4106-871a-d541346108ef",--,--,"DashboardNum","Dashboard Num","ap-southeast-3","AP-Singapore","AZ1","configure.count","count","0.00","Dollar/PCS","744.000000","PCS","0","0","0.00","0.00","0.00","0.00","0.00","0.00","0.00","0.00",--,"03/01/2026 00:00:00 GMT+08:00","04/01/2026 00:00:00 GMT+08:00","N",--,--,--,--,--,--,"744","PCS","0","0","1",--,--,--,--,--,--
"Mar 2026","Non-project",--,"garudaku_topup","garudaku_topup","hws.service.type.ces","Cloud Eye","hws.resource.type.ces.api","Cloud Eye API","00301-52525-0--0","Pay-per-Use","Expenditure-use","5c1488a6-1cdd-49b4-9b94-00754f8f7014",--,--,"GetMetricDataTimes","Get Metric Data Times","ap-southeast-3","AP-Singapore","AZ1","api","Api","0.00","Dollar/Million times","1335318.000000","times","0","0","0.00","0.00","0.00","0.00","0.00","0.00","0.00","0.00",--,"03/01/2026 00:00:00 GMT+08:00","04/01/2026 00:00:00 GMT+08:00","N",--,--,--,--,--,--,"1.335318","Million times","0","0","1000000",--,--,--,--,--,--
"Mar 2026","default","0","garudaku_topup","garudaku_topup","hws.service.type.as","Auto Scaling","hws.resource.type.as.group","Scaling Group","00301-51428-0--0","Pay-per-Use","Expenditure-use","8bf91bf6-829d-437b-93cd-27fbd0a0727e","as-group-topup-api",--,--,"Scaling Group","ap-southeast-3","AP-Singapore",--,"duration","Duration","0.00","Dollar/Hour","2678400.000000","Second","0","0","0.00","0.00","0.00","0.00","0.00","0.00","0.00","0.00",--,"03/01/2026 00:00:00 GMT+08:00","04/01/2026 00:00:00 GMT+08:00","N",--,--,--,--,--,--,"744","Hour","0","0","3600",--,--,--,--,--,--
"Mar 2026","default","0","garudaku_topup","garudaku_topup","hws.service.type.as","Auto Scaling","hws.resource.type.as.group","Scaling Group","00301-51428-0--0","Pay-per-Use","Expenditure-use","4e0ec9ec-f052-43af-b800-7b6c6106d44b","as-group-worker-store",--,--,"Scaling Group","ap-southeast-3","AP-Singapore",--,"duration","Duration","0.00","Dollar/Hour","2678400.000000","Second","0","0","0.00","0.00","0.00","0.00","0.00","0.00","0.00","0.00",--,"03/01/2026 00:00:00 GMT+08:00","04/01/2026 00:00:00 GMT+08:00","N",--,--,--,--,--,--,"744","Hour","0","0","3600",--,--,--,--,--,--
